"혈액원별(1)","혈액원별(2)",성별(1),2017,2017,2017,2017,2017,2017,2017,2017,2017,2017,2017,2017,2017,2017,2017,2017,2017,2017,2017,2017,2017,2017,2017,2017,2017,2018,2018,2018,2018,2018,2018,2018,2018,2018,2018,2018,2018,2018,2018,2018,2018,2018,2018,2018,2018,2018,2018,2018,2018,2018,2019,2019,2019,2019,2019,2019,2019,2019,2019,2019,2019,2019,2019,2019,2019,2019,2019,2019,2019,2019,2019,2019,2019,2019,2019,2020,2020,2020,2020,2020,2020,2020,2020,2020,2020,2020,2020,2020,2020,2020,2020,2020,2020,2020,2020,2020,2020,2020,2020,2020,2021,2021,2021,2021,2021,2021,2021,2021,2021,2021,2021,2021,2021,2021,2021,2021,2021,2021,2021,2021,2021,2021,2021,2021,2021
"혈액원별(1)","혈액원별(2)",성별(1),합계,1월,1월,2월,2월,3월,3월,4월,4월,5월,5월,6월,6월,7월,7월,8월,8월,9월,9월,10월,10월,11월,11월,12월,12월,합계,1월,1월,2월,2월,3월,3월,4월,4월,5월,5월,6월,6월,7월,7월,8월,8월,9월,9월,10월,10월,11월,11월,12월,12월,합계,1월,1월,2월,2월,3월,3월,4월,4월,5월,5월,6월,6월,7월,7월,8월,8월,9월,9월,10월,10월,11월,11월,12월,12월,합계,1월,1월,2월,2월,3월,3월,4월,4월,5월,5월,6월,6월,7월,7월,8월,8월,9월,9월,10월,10월,11월,11월,12월,12월,합계,1월,1월,2월,2월,3월,3월,4월,4월,5월,5월,6월,6월,7월,7월,8월,8월,9월,9월,10월,10월,11월,11월,12월,12월
"혈액원별(1)","혈액원별(2)",성별(1),실적 (건),실적 (건),구성비 (%),실적 (건),구성비 (%),실적 (건),구성비 (%),실적 (건),구성비 (%),실적 (건),구성비 (%),실적 (건),구성비 (%),실적 (건),구성비 (%),실적 (건),구성비 (%),실적 (건),구성비 (%),실적 (건),구성비 (%),실적 (건),구성비 (%),실적 (건),구성비 (%),실적 (건),실적 (건),구성비 (%),실적 (건),구성비 (%),실적 (건),구성비 (%),실적 (건),구성비 (%),실적 (건),구성비 (%),실적 (건),구성비 (%),실적 (건),구성비 (%),실적 (건),구성비 (%),실적 (건),구성비 (%),실적 (건),구성비 (%),실적 (건),구성비 (%),실적 (건),구성비 (%),실적 (건),실적 (건),구성비 (%),실적 (건),구성비 (%),실적 (건),구성비 (%),실적 (건),구성비 (%),실적 (건),구성비 (%),실적 (건),구성비 (%),실적 (건),구성비 (%),실적 (건),구성비 (%),실적 (건),구성비 (%),실적 (건),구성비 (%),실적 (건),구성비 (%),실적 (건),구성비 (%),실적 (건),실적 (건),구성비 (%),실적 (건),구성비 (%),실적 (건),구성비 (%),실적 (건),구성비 (%),실적 (건),구성비 (%),실적 (건),구성비 (%),실적 (건),구성비 (%),실적 (건),구성비 (%),실적 (건),구성비 (%),실적 (건),구성비 (%),실적 (건),구성비 (%),실적 (건),구성비 (%),실적 (건),실적 (건),구성비 (%),실적 (건),구성비 (%),실적 (건),구성비 (%),실적 (건),구성비 (%),실적 (건),구성비 (%),실적 (건),구성비 (%),실적 (건),구성비 (%),실적 (건),구성비 (%),실적 (건),구성비 (%),실적 (건),구성비 (%),실적 (건),구성비 (%),실적 (건),구성비 (%)
"합계","소계",계,2928670,219578,7.5,219624,7.5,255102,8.7,234293,8.0,279611,9.5,233108,8.0,262994,9.0,247719,8.5,246422,8.4,221593,7.6,253468,8.7,255158,8.7,2883270,237893,8.3,208722,7.2,257191,8.9,237446,8.2,265300,9.2,228152,7.9,248124,8.6,230871,8.0,228858,7.9,240652,8.3,265668,9.2,234393,8.1,2791092,238712,8.6,197949,7.1,234119,8.4,228082,8.2,254986,9.1,224933,8.1,243983,8.7,235244,8.4,212622,7.6,239142,8.6,244865,8.8,236455,8.5,2611401,206758,7.9,199657,7.6,208239,8.0,193247,7.4,231927,8.9,226746,8.7,231564,8.9,224448,8.6,215954,8.3,216183,8.3,222658,8.5,234020,9.0,2604437,213118,8.2,189312,7.3,233403,9.0,215655,8.3,229930,8.8,212800,8.2,217441,8.3,214344,8.2,206859,7.9,208673,8.0,226440,8.7,236462,9.1
"합계","소계",남,2132241,165943,7.8,163498,7.7,188460,8.8,170862,8.0,196491,9.2,170532,8.0,191472,9.0,180950,8.5,176480,8.3,160708,7.5,181718,8.5,185127,8.7,2106912,178490,8.5,155338,7.4,190658,9.0,171745,8.2,189225,9.0,165865,7.9,181998,8.6,170971,8.1,165388,7.8,173967,8.3,191179,9.1,172088,8.2,2036566,179806,8.8,150156,7.4,175514,8.6,169332,8.3,178042,8.7,163572,8.0,174832,8.6,169943,8.3,153758,7.5,169358,8.3,177495,8.7,174758,8.6,1916444,157201,8.2,147419,7.7,158505,8.3,146737,7.7,165974,8.7,167496,8.7,168603,8.8,160963,8.4,154938,8.1,158411,8.3,161702,8.4,168495,8.8,1895131,157066,8.3,139236,7.3,171347,9.0,158879,8.4,165241,8.7,151584,8.0,153311,8.1,156486,8.3,153353,8.1,153422,8.1,163283,8.6,171923,9.1
"합계","소계",여,796429,53635,6.7,56126,7.0,66642,8.4,63431,8.0,83120,10.4,62576,7.9,71522,9.0,66769,8.4,69942,8.8,60885,7.6,71750,9.0,70031,8.8,776358,59403,7.7,53384,6.9,66533,8.6,65701,8.5,76075,9.8,62287,8.0,66126,8.5,59900,7.7,63470,8.2,66685,8.6,74489,9.6,62305,8.0,754526,58906,7.8,47793,6.3,58605,7.8,58750,7.8,76944,10.2,61361,8.1,69151,9.2,65301,8.7,58864,7.8,69784,9.2,67370,8.9,61697,8.2,694957,49557,7.1,52238,7.5,49734,7.2,46510,6.7,65953,9.5,59250,8.5,62961,9.1,63485,9.1,61016,8.8,57772,8.3,60956,8.8,65525,9.4,709306,56052,7.9,50076,7.1,62056,8.7,56776,8.0,64689,9.1,61216,8.6,64130,9.0,57858,8.2,53506,7.5,55251,7.8,63157,8.9,64539,9.1
"대한적십자사","소계",계,2714819,203609,7.5,204429,7.5,236278,8.7,216101,8.0,257624,9.5,216420,8.0,244054,9.0,229286,8.4,228882,8.4,205464,7.6,235317,8.7,237355,8.7,2681611,221066,8.2,193180,7.2,241362,9.0,221319,8.3,246117,9.2,211546,7.9,228749,8.5,215089,8.0,212804,7.9,224639,8.4,248903,9.3,216837,8.1,2613901,223703,8.6,184775,7.1,220402,8.4,216020,8.3,239928,9.2,210563,8.1,229095,8.8,218973,8.4,199670,7.6,221125,8.5,228662,8.7,220985,8.5,2435210,194040,8.0,185968,7.6,190012,7.8,180470,7.4,216375,8.9,211916,8.7,215264,8.8,209860,8.6,202770,8.3,202821,8.3,208598,8.6,217116,8.9,2426779,200754,8.3,177855,7.3,218080,9.0,202033,8.3,214333,8.8,196943,8.1,201154,8.3,199282,8.2,193734,8.0,192817,7.9,210859,8.7,218935,9.0
"대한적십자사","소계",남,1988861,155586,7.8,153601,7.7,176038,8.9,159017,8.0,182311,9.2,159477,8.0,178544,9.0,168922,8.5,164338,8.3,149410,7.5,169242,8.5,172375,8.7,1972773,166940,8.5,145460,7.4,180312,9.1,160889,8.2,176418,8.9,154958,7.9,169335,8.6,160694,8.1,154480,7.8,163155,8.3,179932,9.1,160200,8.1,1909232,169986,8.9,140922,7.4,164895,8.6,159926,8.4,166770,8.7,152614,8.0,163999,8.6,158985,8.3,144527,7.6,156894,8.2,166173,8.7,163541,8.6,1793118,148356,8.3,137908,7.7,145589,8.1,137687,7.7,155684,8.7,157459,8.8,157097,8.8,150767,8.4,145685,8.1,148718,8.3,151353,8.4,156815,8.7,1771956,148488,8.4,131262,7.4,160396,9.1,149200,8.4,154316,8.7,141072,8.0,141927,8.0,146422,8.3,144391,8.1,142232,8.0,152402,8.6,159848,9.0
"대한적십자사","소계",여,725958,48023,6.6,50828,7.0,60240,8.3,57084,7.9,75313,10.4,56943,7.8,65510,9.0,60364,8.3,64544,8.9,56054,7.7,66075,9.1,64980,9.0,708838,54126,7.6,47720,6.7,61050,8.6,60430,8.5,69699,9.8,56588,8.0,59414,8.4,54395,7.7,58324,8.2,61484,8.7,68971,9.7,56637,8.0,704669,53717,7.6,43853,6.2,55507,7.9,56094,8.0,73158,10.4,57949,8.2,65096,9.2,59988,8.5,55143,7.8,64231,9.1,62489,8.9,57444,8.2,642092,45684,7.1,48060,7.5,44423,6.9,42783,6.7,60691,9.5,54457,8.5,58167,9.1,59093,9.2,57085,8.9,54103,8.4,57245,8.9,60301,9.4,654823,52266,8.0,46593,7.1,57684,8.8,52833,8.1,60017,9.2,55871,8.5,59227,9.0,52860,8.1,49343,7.5,50585,7.7,58457,8.9,59087,9.0
"대한적십자사","서울중앙",계,-,-,-,-,-,-,-,-,-,-,-,-,-,-,-,-,-,-,-,-,-,-,-,-,-,266577,24809,9.3,21466,8.1,24965,9.4,21216,8.0,23482,8.8,20849,7.8,23081,8.7,21418,8.0,20296,7.6,20955,7.9,23259,8.7,20781,7.8,251035,23563,9.4,20152,8.0,21413,8.5,19073,7.6,22053,8.8,20303,8.1,21494,8.6,21049,8.4,17480,7.0,20593,8.2,22291,8.9,21571,8.6,222024,19831,8.9,19338,8.7,16287,7.3,17709,8.0,21178,9.5,19808,8.9,18910,8.5,18013,8.1,17119,7.7,17867,8.0,17326,7.8,18638,8.4,216484,17856,8.2,15957,7.4,18848,8.7,17388,8.0,18309,8.5,18324,8.5,17258,8.0,17457,8.1,17517,8.1,18475,8.5,19177,8.9,19918,9.2
"대한적십자사","서울중앙",남,-,-,-,-,-,-,-,-,-,-,-,-,-,-,-,-,-,-,-,-,-,-,-,-,-,195481,18294,9.4,16125,8.2,18754,9.6,15027,7.7,16767,8.6,15267,7.8,16762,8.6,15900,8.1,14913,7.6,15447,7.9,16848,8.6,15377,7.9,182916,17764,9.7,15394,8.4,16431,9.0,14027,7.7,15010,8.2,15120,8.3,15038,8.2,14955,8.2,12827,7.0,14326,7.8,16174,8.8,15850,8.7,157832,14962,9.5,13906,8.8,11544,7.3,13182,8.4,14771,9.4,14497,9.2,13067,8.3,12471,7.9,11716,7.4,12679,8.0,12304,7.8,12733,8.1,155322,13058,8.4,11669,7.5,13499,8.7,12568,8.1,13158,8.5,12837,8.3,12108,7.8,12277,7.9,12813,8.2,13159,8.5,13805,8.9,14371,9.3
"대한적십자사","서울중앙",여,-,-,-,-,-,-,-,-,-,-,-,-,-,-,-,-,-,-,-,-,-,-,-,-,-,71096,6515,9.2,5341,7.5,6211,8.7,6189,8.7,6715,9.4,5582,7.9,6319,8.9,5518,7.8,5383,7.6,5508,7.7,6411,9.0,5404,7.6,68119,5799,8.5,4758,7.0,4982,7.3,5046,7.4,7043,10.3,5183,7.6,6456,9.5,6094,8.9,4653,6.8,6267,9.2,6117,9.0,5721,8.4,64192,4869,7.6,5432,8.5,4743,7.4,4527,7.1,6407,10.0,5311,8.3,5843,9.1,5542,8.6,5403,8.4,5188,8.1,5022,7.8,5905,9.2,61162,4798,7.8,4288,7.0,5349,8.7,4820,7.9,5151,8.4,5487,9.0,5150,8.4,5180,8.5,4704,7.7,5316,8.7,5372,8.8,5547,9.1
"대한적십자사","서울서부",계,277348,23689,8.5,21820,7.9,24201,8.7,20490,7.4,27285,9.8,21355,7.7,24686,8.9,23254,8.4,21456,7.7,20437,7.4,24266,8.7,24409,8.8,-,-,-,-,-,-,-,-,-,-,-,-,-,-,-,-,-,-,-,-,-,-,-,-,-,-,-,-,-,-,-,-,-,-,-,-,-,-,-,-,-,-,-,-,-,-,-,-,-,-,-,-,-,-,-,-,-,-,-,-,-,-,-,-,-,-,-,-,-,-,-,-,-,-,-,-,-,-,-,-,-,-,-,-,-,-,-,-,-,-,-,-,-,-,-,-,-,-,-,-
"대한적십자사","서울서부",남,201838,17932,8.9,16052,8.0,18191,9.0,14363,7.1,19455,9.6,15613,7.7,17567,8.7,16816,8.3,15523,7.7,15389,7.6,17156,8.5,17781,8.8,-,-,-,-,-,-,-,-,-,-,-,-,-,-,-,-,-,-,-,-,-,-,-,-,-,-,-,-,-,-,-,-,-,-,-,-,-,-,-,-,-,-,-,-,-,-,-,-,-,-,-,-,-,-,-,-,-,-,-,-,-,-,-,-,-,-,-,-,-,-,-,-,-,-,-,-,-,-,-,-,-,-,-,-,-,-,-,-,-,-,-,-,-,-,-,-,-,-,-,-
"대한적십자사","서울서부",여,75510,5757,7.6,5768,7.6,6010,8.0,6127,8.1,7830,10.4,5742,7.6,7119,9.4,6438,8.5,5933,7.9,5048,6.7,7110,9.4,6628,8.8,-,-,-,-,-,-,-,-,-,-,-,-,-,-,-,-,-,-,-,-,-,-,-,-,-,-,-,-,-,-,-,-,-,-,-,-,-,-,-,-,-,-,-,-,-,-,-,-,-,-,-,-,-,-,-,-,-,-,-,-,-,-,-,-,-,-,-,-,-,-,-,-,-,-,-,-,-,-,-,-,-,-,-,-,-,-,-,-,-,-,-,-,-,-,-,-,-,-,-,-
"대한적십자사","서울남부",계,246596,19955,8.1,19717,8.0,21340,8.7,19427,7.9,21368,8.7,18874,7.7,23512,9.5,22183,9.0,19080,7.7,18821,7.6,20579,8.3,21740,8.8,230499,20334,8.8,17261,7.5,21216,9.2,20239,8.8,19471,8.4,18164,7.9,20203,8.8,17416,7.6,17833,7.7,19437,8.4,20476,8.9,18449,8.0,214734,20384,9.5,16486,7.7,18033,8.4,17466,8.1,19845,9.2,16540,7.7,18762,8.7,17106,8.0,15224,7.1,18785,8.7,18454,8.6,17649,8.2,190301,17098,9.0,15223,8.0,16852,8.9,14481,7.6,16737,8.8,16845,8.9,17015,8.9,15429,8.1,14458,7.6,15197,8.0,14626,7.7,16340,8.6,176386,15178,8.6,13390,7.6,15559,8.8,14946,8.5,15692,8.9,14673,8.3,13464,7.6,14666,8.3,13364,7.6,14138,8.0,15249,8.6,16067,9.1
"대한적십자사","서울남부",남,185180,15541,8.4,14900,8.0,15957,8.6,14802,8.0,15708,8.5,14448,7.8,17413,9.4,16793,9.1,13746,7.4,14004,7.6,15391,8.3,16477,8.9,173905,15630,9.0,13013,7.5,16379,9.4,14968,8.6,14415,8.3,13777,7.9,15424,8.9,12969,7.5,13254,7.6,14622,8.4,15594,9.0,13860,8.0,160320,15551,9.7,12389,7.7,13936,8.7,13246,8.3,14339,8.9,12323,7.7,13670,8.5,12398,7.7,11231,7.0,13756,8.6,14014,8.7,13467,8.4,144323,13434,9.3,11344,7.9,13158,9.1,11352,7.9,12313,8.5,12712,8.8,12770,8.8,11582,8.0,10853,7.5,11591,8.0,11063,7.7,12151,8.4,132869,11473,8.6,10214,7.7,11926,9.0,11402,8.6,11946,9.0,11116,8.4,9706,7.3,10603,8.0,10332,7.8,10639,8.0,11431,8.6,12081,9.1
"대한적십자사","서울남부",여,61416,4414,7.2,4817,7.8,5383,8.8,4625,7.5,5660,9.2,4426,7.2,6099,9.9,5390,8.8,5334,8.7,4817,7.8,5188,8.4,5263,8.6,56594,4704,8.3,4248,7.5,4837,8.5,5271,9.3,5056,8.9,4387,7.8,4779,8.4,4447,7.9,4579,8.1,4815,8.5,4882,8.6,4589,8.1,54414,4833,8.9,4097,7.5,4097,7.5,4220,7.8,5506,10.1,4217,7.7,5092,9.4,4708,8.7,3993,7.3,5029,9.2,4440,8.2,4182,7.7,45978,3664,8.0,3879,8.4,3694,8.0,3129,6.8,4424,9.6,4133,9.0,4245,9.2,3847,8.4,3605,7.8,3606,7.8,3563,7.7,4189,9.1,43517,3705,8.5,3176,7.3,3633,8.3,3544,8.1,3746,8.6,3557,8.2,3758,8.6,4063,9.3,3032,7.0,3499,8.0,3818,8.8,3986,9.2
"대한적십자사","서울동부",계,279786,22601,8.1,23250,8.3,23713,8.5,21057,7.5,24640,8.8,22106,7.9,26396,9.4,23580,8.4,22008,7.9,21831,7.8,23906,8.5,24698,8.8,279045,25139,9.0,22500,8.1,25353,9.1,21542,7.7,24629,8.8,22300,8.0,23962,8.6,21621,7.7,21509,7.7,22563,8.1,24918,8.9,23009,8.2,259856,24404,9.4,19791,7.6,21493,8.3,19758,7.6,24168,9.3,20649,7.9,22671,8.7,20396,7.8,18848,7.3,22496,8.7,22751,8.8,22431,8.6,231788,20337,8.8,19306,8.3,20318,8.8,19562,8.4,19406,8.4,22138,9.6,18864,8.1,17430,7.5,18038,7.8,17806,7.7,18562,8.0,20021,8.6,230555,19890,8.6,17090,7.4,20359,8.8,19836,8.6,19525,8.5,19592,8.5,18276,7.9,18458,8.0,17852,7.7,18436,8.0,20092,8.7,21149,9.2
"대한적십자사","서울동부",남,201327,17126,8.5,17691,8.8,18042,9.0,15091,7.5,17139,8.5,15908,7.9,18574,9.2,16707,8.3,15566,7.7,15005,7.5,17036,8.5,17442,8.7,201187,18721,9.3,16973,8.4,19062,9.5,15114,7.5,17434,8.7,15011,7.5,16980,8.4,15801,7.9,15109,7.5,16042,8.0,17910,8.9,17030,8.5,186199,18784,10.1,14982,8.0,16488,8.9,14427,7.7,16334,8.8,13957,7.5,15565,8.4,13758,7.4,13308,7.1,15390,8.3,16704,9.0,16502,8.9,171190,16098,9.4,14466,8.5,16063,9.4,15276,8.9,13675,8.0,16765,9.8,13169,7.7,12270,7.2,13032,7.6,12440,7.3,13324,7.8,14612,8.5,167635,15205,9.1,12795,7.6,15106,9.0,14589,8.7,14066,8.4,14127,8.4,12500,7.5,13198,7.9,13061,7.8,13133,7.8,14736,8.8,15119,9.0
"대한적십자사","서울동부",여,78459,5475,7.0,5559,7.1,5671,7.2,5966,7.6,7501,9.6,6198,7.9,7822,10.0,6873,8.8,6442,8.2,6826,8.7,6870,8.8,7256,9.2,77858,6418,8.2,5527,7.1,6291,8.1,6428,8.3,7195,9.2,7289,9.4,6982,9.0,5820,7.5,6400,8.2,6521,8.4,7008,9.0,5979,7.7,73657,5620,7.6,4809,6.5,5005,6.8,5331,7.2,7834,10.6,6692,9.1,7106,9.6,6638,9.0,5540,7.5,7106,9.6,6047,8.2,5929,8.0,60598,4239,7.0,4840,8.0,4255,7.0,4286,7.1,5731,9.5,5373,8.9,5695,9.4,5160,8.5,5006,8.3,5366,8.9,5238,8.6,5409,8.9,62920,4685,7.4,4295,6.8,5253,8.3,5247,8.3,5459,8.7,5465,8.7,5776,9.2,5260,8.4,4791,7.6,5303,8.4,5356,8.5,6030,9.6
"대한적십자사","부산",계,215205,14048,6.5,14158,6.6,19782,9.2,18622,8.7,20429,9.5,17015,7.9,20642,9.6,17583,8.2,18991,8.8,16119,7.5,19208,8.9,18608,8.6,223597,15949,7.1,15671,7.0,21675,9.7,17887,8.0,20888,9.3,18776,8.4,19451,8.7,18240,8.2,17877,8.0,17962,8.0,21033,9.4,18188,8.1,213561,17057,8.0,14340,6.7,18615,8.7,18869,8.8,20369,9.5,17475,8.2,18037,8.4,17784,8.3,16299,7.6,17889,8.4,18471,8.6,18356,8.6,197302,13734,7.0,14597,7.4,13713,7.0,13964,7.1,18062,9.2,17318,8.8,18279,9.3,18242,9.2,15982,8.1,17098,8.7,19350,9.8,16963,8.6,194786,15588,8.0,14390,7.4,19000,9.8,15885,8.2,18158,9.3,14836,7.6,16652,8.5,14415,7.4,15153,7.8,15196,7.8,18140,9.3,17373,8.9
"대한적십자사","부산",남,151757,10006,6.6,9679,6.4,13781,9.1,13547,8.9,14066,9.3,12041,7.9,14978,9.9,12394,8.2,13033,8.6,11147,7.3,13841,9.1,13244,8.7,156593,11443,7.3,11006,7.0,15506,9.9,12521,8.0,14372,9.2,12867,8.2,13724,8.8,12933,8.3,12439,7.9,12585,8.0,14244,9.1,12953,8.3,149783,12041,8.0,10519,7.0,13425,9.0,13083,8.7,14215,9.5,12214,8.2,12673,8.5,12297,8.2,11215,7.5,12350,8.2,12692,8.5,13059,8.7,138067,9810,7.1,10456,7.6,9713,7.0,10277,7.4,12459,9.0,12187,8.8,12803,9.3,12744,9.2,10522,7.6,12298,8.9,12937,9.4,11861,8.6,135511,10936,8.1,9987,7.4,12915,9.5,11072,8.2,12532,9.2,10213,7.5,11246,8.3,10181,7.5,11064,8.2,10813,8.0,12167,9.0,12385,9.1
"대한적십자사","부산",여,63448,4042,6.4,4479,7.1,6001,9.5,5075,8.0,6363,10.0,4974,7.8,5664,8.9,5189,8.2,5958,9.4,4972,7.8,5367,8.5,5364,8.5,67004,4506,6.7,4665,7.0,6169,9.2,5366,8.0,6516,9.7,5909,8.8,5727,8.5,5307,7.9,5438,8.1,5377,8.0,6789,10.1,5235,7.8,63778,5016,7.9,3821,6.0,5190,8.1,5786,9.1,6154,9.6,5261,8.2,5364,8.4,5487,8.6,5084,8.0,5539,8.7,5779,9.1,5297,8.3,59235,3924,6.6,4141,7.0,4000,6.8,3687,6.2,5603,9.5,5131,8.7,5476,9.2,5498,9.3,5460,9.2,4800,8.1,6413,10.8,5102,8.6,59275,4652,7.8,4403,7.4,6085,10.3,4813,8.1,5626,9.5,4623,7.8,5406,9.1,4234,7.1,4089,6.9,4383,7.4,5973,10.1,4988,8.4
"대한적십자사","대구·경북",계,240774,17099,7.1,17997,7.5,21158,8.8,19006,7.9,23245,9.7,19493,8.1,20529,8.5,20430,8.5,21324,8.9,18072,7.5,20677,8.6,21744,9.0,246155,18898,7.7,16506,6.7,21305,8.7,20156,8.2,22584,9.2,19483,7.9,19644,8.0,20555,8.4,19282,7.8,21678,8.8,24693,10.0,21371,8.7,232481,19477,8.4,16014,6.9,20039,8.6,19916,8.6,21010,9.0,19225,8.3,20463,8.8,19117,8.2,17517,7.5,19240,8.3,20480,8.8,19983,8.6,196373,17335,8.8,13270,6.8,10023,5.1,11465,5.8,16050,8.2,16322,8.3,17115,8.7,19948,10.2,17387,8.9,17976,9.2,19578,10.0,19904,10.1,225330,18370,8.2,16217,7.2,20089,8.9,18494,8.2,19967,8.9,18101,8.0,17907,7.9,16953,7.5,18859,8.4,18434,8.2,21311,9.5,20628,9.2
"대한적십자사","대구·경북",남,172578,13139,7.6,13140,7.6,14869,8.6,13477,7.8,16769,9.7,13848,8.0,14750,8.5,15070,8.7,14713,8.5,13036,7.6,14414,8.4,15353,8.9,176709,14496,8.2,12163,6.9,14993,8.5,14317,8.1,15432,8.7,14260,8.1,14608,8.3,15056,8.5,13518,7.6,15237,8.6,17138,9.7,15491,8.8,167290,14675,8.8,11842,7.1,14025,8.4,14309,8.6,14429,8.6,13731,8.2,15014,9.0,13924,8.3,12344,7.4,13865,8.3,14334,8.6,14798,8.8,139286,13093,9.4,9398,6.7,7719,5.5,8239,5.9,11079,8.0,11527,8.3,12140,8.7,13714,9.8,11830,8.5,12704,9.1,13858,9.9,13985,10.0,159155,13078,8.2,11211,7.0,13717,8.6,13600,8.5,13619,8.6,12807,8.0,12199,7.7,12217,7.7,13932,8.8,13466,8.5,14719,9.2,14590,9.2
"대한적십자사","대구·경북",여,68196,3960,5.8,4857,7.1,6289,9.2,5529,8.1,6476,9.5,5645,8.3,5779,8.5,5360,7.9,6611,9.7,5036,7.4,6263,9.2,6391,9.4,69446,4402,6.3,4343,6.3,6312,9.1,5839,8.4,7152,10.3,5223,7.5,5036,7.3,5499,7.9,5764,8.3,6441,9.3,7555,10.9,5880,8.5,65191,4802,7.4,4172,6.4,6014,9.2,5607,8.6,6581,10.1,5494,8.4,5449,8.4,5193,8.0,5173,7.9,5375,8.2,6146,9.4,5185,8.0,57087,4242,7.4,3872,6.8,2304,4.0,3226,5.7,4971,8.7,4795,8.4,4975,8.7,6234,10.9,5557,9.7,5272,9.2,5720,10.0,5919,10.4,66175,5292,8.0,5006,7.6,6372,9.6,4894,7.4,6348,9.6,5294,8.0,5708,8.6,4736,7.2,4927,7.4,4968,7.5,6592,10.0,6038,9.1
"대한적십자사","인천",계,163533,13507,8.3,13132,8.0,13973,8.5,13428,8.2,14881,9.1,13227,8.1,14455,8.8,13678,8.4,13273,8.1,12742,7.8,12506,7.6,14731,9.0,157317,13928,8.9,11781,7.5,14375,9.1,12750,8.1,13403,8.5,11655,7.4,13851,8.8,12445,7.9,12560,8.0,13163,8.4,14424,9.2,12982,8.3,158392,13095,8.3,11212,7.1,12449,7.9,12417,7.8,13308,8.4,12874,8.1,14151,8.9,14171,8.9,12537,7.9,14597,9.2,12912,8.2,14669,9.3,165074,12516,7.6,12028,7.3,13997,8.5,13440,8.1,15184,9.2,14056,8.5,15046,9.1,13753,8.3,13917,8.4,12649,7.7,13576,8.2,14912,9.0,166763,13807,8.3,12461,7.5,13448,8.1,13676,8.2,14000,8.4,12385,7.4,13641,8.2,15356,9.2,13321,8.0,14321,8.6,14549,8.7,15798,9.5
"대한적십자사","인천",남,115780,9690,8.4,10043,8.7,10469,9.0,9474,8.2,10026,8.7,9059,7.8,10141,8.8,9496,8.2,9322,8.1,9115,7.9,8270,7.1,10675,9.2,110801,9853,8.9,8570,7.7,10400,9.4,8749,7.9,9378,8.5,8383,7.6,9404,8.5,8601,7.8,8877,8.0,9218,8.3,9906,8.9,9462,8.5,112002,9355,8.4,8522,7.6,9110,8.1,8719,7.8,8901,7.9,9374,8.4,9386,8.4,9775,8.7,9023,8.1,9978,8.9,9234,8.2,10625,9.5,119383,9408,7.9,8770,7.3,10363,8.7,10152,8.5,10703,9.0,10152,8.5,10630,8.9,9662,8.1,9888,8.3,9123,7.6,9885,8.3,10647,8.9,119848,9913,8.3,8987,7.5,9708,8.1,9831,8.2,9813,8.2,8883,7.4,9508,7.9,11267,9.4,9784,8.2,10386,8.7,10265,8.6,11503,9.6
"대한적십자사","인천",여,47753,3817,8.0,3089,6.5,3504,7.3,3954,8.3,4855,10.2,4168,8.7,4314,9.0,4182,8.8,3951,8.3,3627,7.6,4236,8.9,4056,8.5,46516,4075,8.8,3211,6.9,3975,8.5,4001,8.6,4025,8.7,3272,7.0,4447,9.6,3844,8.3,3683,7.9,3945,8.5,4518,9.7,3520,7.6,46390,3740,8.1,2690,5.8,3339,7.2,3698,8.0,4407,9.5,3500,7.5,4765,10.3,4396,9.5,3514,7.6,4619,10.0,3678,7.9,4044,8.7,45691,3108,6.8,3258,7.1,3634,8.0,3288,7.2,4481,9.8,3904,8.5,4416,9.7,4091,9.0,4029,8.8,3526,7.7,3691,8.1,4265,9.3,46915,3894,8.3,3474,7.4,3740,8.0,3845,8.2,4187,8.9,3502,7.5,4133,8.8,4089,8.7,3537,7.5,3935,8.4,4284,9.1,4295,9.2
"대한적십자사","울산",계,86261,6187,7.2,6204,7.2,8257,9.6,7015,8.1,8352,9.7,7211,8.4,7434,8.6,7553,8.8,7650,8.9,6237,7.2,7627,8.8,6534,7.6,86711,6661,7.7,5613,6.5,7364,8.5,7548,8.7,8683,10.0,6884,7.9,6999,8.1,7085,8.2,7368,8.5,7414,8.6,8140,9.4,6952,8.0,91599,7051,7.7,6086,6.6,8024,8.8,7850,8.6,9000,9.8,7349,8.0,7772,8.5,7496,8.2,7156,7.8,7506,8.2,8611,9.4,7698,8.4,82518,6213,7.5,6106,7.4,6070,7.4,5801,7.0,7353,8.9,7489,9.1,7894,9.6,7325,8.9,7000,8.5,6756,8.2,7694,9.3,6817,8.3,83549,6976,8.3,6211,7.4,7388,8.8,7187,8.6,7658,9.2,6651,8.0,7151,8.6,6596,7.9,6569,7.9,6357,7.6,7280,8.7,7525,9.0
"대한적십자사","울산",남,65900,4894,7.4,4590,7.0,6198,9.4,5200,7.9,6172,9.4,5818,8.8,6003,9.1,5759,8.7,5745,8.7,4880,7.4,5796,8.8,4845,7.4,66006,5320,8.1,4347,6.6,5438,8.2,5779,8.8,6368,9.6,5365,8.1,5362,8.1,5343,8.1,5527,8.4,5473,8.3,6354,9.6,5330,8.1,68561,5573,8.1,4643,6.8,5969,8.7,5987,8.7,6370,9.3,5627,8.2,5677,8.3,5636,8.2,5162,7.5,5358,7.8,6707,9.8,5852,8.5,63660,4837,7.6,4727,7.4,5025,7.9,4577,7.2,5780,9.1,5877,9.2,5995,9.4,5696,8.9,5051,7.9,5154,8.1,5795,9.1,5146,8.1,63842,5508,8.6,4811,7.5,5658,8.9,5557,8.7,5794,9.1,4978,7.8,5264,8.2,5083,8.0,4980,7.8,4942,7.7,5571,8.7,5696,8.9
"대한적십자사","울산",여,20361,1293,6.4,1614,7.9,2059,10.1,1815,8.9,2180,10.7,1393,6.8,1431,7.0,1794,8.8,1905,9.4,1357,6.7,1831,9.0,1689,8.3,20705,1341,6.5,1266,6.1,1926,9.3,1769,8.5,2315,11.2,1519,7.3,1637,7.9,1742,8.4,1841,8.9,1941,9.4,1786,8.6,1622,7.8,23038,1478,6.4,1443,6.3,2055,8.9,1863,8.1,2630,11.4,1722,7.5,2095,9.1,1860,8.1,1994,8.7,2148,9.3,1904,8.3,1846,8.0,18858,1376,7.3,1379,7.3,1045,5.5,1224,6.5,1573,8.3,1612,8.5,1899,10.1,1629,8.6,1949,10.3,1602,8.5,1899,10.1,1671,8.9,19707,1468,7.4,1400,7.1,1730,8.8,1630,8.3,1864,9.5,1673,8.5,1887,9.6,1513,7.7,1589,8.1,1415,7.2,1709,8.7,1829,9.3
"대한적십자사","경기",계,210813,17042,8.1,15506,7.4,18517,8.8,17124,8.1,19969,9.5,16397,7.8,18641,8.8,17977,8.5,17689,8.4,15172,7.2,17579,8.3,19200,9.1,203912,17904,8.8,14941,7.3,17943,8.8,16761,8.2,17573,8.6,15719,7.7,17484,8.6,16300,8.0,15584,7.6,17545,8.6,18842,9.2,17316,8.5,211170,18167,8.6,16195,7.7,16794,8.0,17829,8.4,18626,8.8,17131,8.1,19006,9.0,17373,8.2,15362,7.3,18150,8.6,18622,8.8,17915,8.5,225902,16008,7.1,17222,7.6,17506,7.7,16427,7.3,19730,8.7,19693,8.7,20879,9.2,18793,8.3,19236,8.5,18860,8.3,19736,8.7,21812,9.7,225736,18715,8.3,16592,7.4,19519,8.6,18552,8.2,20186,8.9,17700,7.8,19394,8.6,19409,8.6,17717,7.8,18568,8.2,18818,8.3,20566,9.1
"대한적십자사","경기",남,159730,13441,8.4,11768,7.4,14146,8.9,12988,8.1,14567,9.1,12680,7.9,13893,8.7,13695,8.6,13426,8.4,11537,7.2,12985,8.1,14604,9.1,156393,13848,8.9,11376,7.3,13936,8.9,12958,8.3,13146,8.4,12144,7.8,13589,8.7,12772,8.2,11868,7.6,13324,8.5,14317,9.2,13115,8.4,158935,14044,8.8,12759,8.0,13055,8.2,13628,8.6,13283,8.4,12840,8.1,13951,8.8,13196,8.3,11661,7.3,13415,8.4,13685,8.6,13418,8.4,171193,12468,7.3,12979,7.6,13607,7.9,12510,7.3,14470,8.5,14904,8.7,15866,9.3,14219,8.3,14484,8.5,14523,8.5,15037,8.8,16126,9.4,168602,14103,8.4,12293,7.3,14695,8.7,13808,8.2,15086,8.9,13124,7.8,14035,8.3,14695,8.7,13151,7.8,14120,8.4,14218,8.4,15274,9.1
"대한적십자사","경기",여,51083,3601,7.0,3738,7.3,4371,8.6,4136,8.1,5402,10.6,3717,7.3,4748,9.3,4282,8.4,4263,8.3,3635,7.1,4594,9.0,4596,9.0,47519,4056,8.5,3565,7.5,4007,8.4,3803,8.0,4427,9.3,3575,7.5,3895,8.2,3528,7.4,3716,7.8,4221,8.9,4525,9.5,4201,8.8,52235,4123,7.9,3436,6.6,3739,7.2,4201,8.0,5343,10.2,4291,8.2,5055,9.7,4177,8.0,3701,7.1,4735,9.1,4937,9.5,4497,8.6,54709,3540,6.5,4243,7.8,3899,7.1,3917,7.2,5260,9.6,4789,8.8,5013,9.2,4574,8.4,4752,8.7,4337,7.9,4699,8.6,5686,10.4,57134,4612,8.1,4299,7.5,4824,8.4,4744,8.3,5100,8.9,4576,8.0,5359,9.4,4714,8.3,4566,8.0,4448,7.8,4600,8.1,5292,9.3
"대한적십자사","강원",계,154964,10288,6.6,12334,8.0,13186,8.5,12653,8.2,14524,9.4,12644,8.2,13662,8.8,13451,8.7,14334,9.2,11760,7.6,13804,8.9,12324,8.0,161359,12944,8.0,12004,7.4,14366,8.9,13860,8.6,13976,8.7,13191,8.2,13912,8.6,13695,8.5,12521,7.8,13534,8.4,14573,9.0,12783,7.9,153606,13645,8.9,10508,6.8,13466,8.8,12941,8.4,14132,9.2,12234,8.0,13757,9.0,13412,8.7,12661,8.2,11773,7.7,12903,8.4,12174,7.9,140670,11683,8.3,10942,7.8,12486,8.9,11083,7.9,12512,8.9,12183,8.7,13117,9.3,11907,8.5,11969,8.5,11199,8.0,9923,7.1,11666,8.3,134293,10933,8.1,10101,7.5,13104,9.8,10939,8.1,11926,8.9,10691,8.0,10083,7.5,12644,9.4,11230,8.4,9907,7.4,11616,8.6,11119,8.3
"대한적십자사","강원",남,127367,8726,6.9,10482,8.2,11237,8.8,10153,8.0,11008,8.6,10439,8.2,11539,9.1,11297,8.9,11740,9.2,9023,7.1,11483,9.0,10240,8.0,134733,11294,8.4,10444,7.8,11982,8.9,11068,8.2,10977,8.1,11271,8.4,11829,8.8,11887,8.8,10154,7.5,11155,8.3,12204,9.1,10468,7.8,127408,11786,9.3,9188,7.2,11265,8.8,10707,8.4,11111,8.7,10269,8.1,11527,9.0,11124,8.7,10107,7.9,9394,7.4,10731,8.4,10199,8.0,117333,10043,8.6,9167,7.8,10891,9.3,9611,8.2,10348,8.8,10107,8.6,11143,9.5,9634,8.2,9915,8.5,9057,7.7,7870,6.7,9547,8.1,110113,8970,8.1,8519,7.7,10958,10.0,8976,8.2,9869,9.0,8724,7.9,7858,7.1,10484,9.5,9479,8.6,7880,7.2,9497,8.6,8899,8.1
"대한적십자사","강원",여,27597,1562,5.7,1852,6.7,1949,7.1,2500,9.1,3516,12.7,2205,8.0,2123,7.7,2154,7.8,2594,9.4,2737,9.9,2321,8.4,2084,7.6,26626,1650,6.2,1560,5.9,2384,9.0,2792,10.5,2999,11.3,1920,7.2,2083,7.8,1808,6.8,2367,8.9,2379,8.9,2369,8.9,2315,8.7,26198,1859,7.1,1320,5.0,2201,8.4,2234,8.5,3021,11.5,1965,7.5,2230,8.5,2288,8.7,2554,9.7,2379,9.1,2172,8.3,1975,7.5,23337,1640,7.0,1775,7.6,1595,6.8,1472,6.3,2164,9.3,2076,8.9,1974,8.5,2273,9.7,2054,8.8,2142,9.2,2053,8.8,2119,9.1,24180,1963,8.1,1582,6.5,2146,8.9,1963,8.1,2057,8.5,1967,8.1,2225,9.2,2160,8.9,1751,7.2,2027,8.4,2119,8.8,2220,9.2
"대한적십자사","충북",계,95644,6736,7.0,6818,7.1,8211,8.6,7953,8.3,8776,9.2,7605,8.0,8432,8.8,8177,8.5,8559,8.9,7866,8.2,8536,8.9,7975,8.3,93808,7461,8.0,6774,7.2,8731,9.3,8274,8.8,8717,9.3,7167,7.6,8235,8.8,7824,8.3,7175,7.6,7792,8.3,8682,9.3,6976,7.4,94251,7543,8.0,6490,6.9,8077,8.6,8180,8.7,8711,9.2,7564,8.0,8482,9.0,8082,8.6,7583,8.0,7710,8.2,8652,9.2,7177,7.6,85748,6459,7.5,6001,7.0,7319,8.5,6436,7.5,7465,8.7,7219,8.4,7890,9.2,7506,8.8,7328,8.5,7374,8.6,7694,9.0,7057,8.2,84573,6427,7.6,6336,7.5,8128,9.6,7503,8.9,7157,8.5,6782,8.0,7161,8.5,6973,8.2,6954,8.2,6721,7.9,6955,8.2,7476,8.8
"대한적십자사","충북",남,71989,5455,7.6,5502,7.6,6160,8.6,5979,8.3,5930,8.2,5716,7.9,6606,9.2,6317,8.8,6319,8.8,5844,8.1,6303,8.8,5858,8.1,71508,6083,8.5,5429,7.6,6580,9.2,6289,8.8,6165,8.6,5381,7.5,6332,8.9,6232,8.7,5365,7.5,5989,8.4,6484,9.1,5179,7.2,70263,6046,8.6,5211,7.4,6068,8.6,5943,8.5,6131,8.7,5598,8.0,6259,8.9,6031,8.6,5659,8.1,5485,7.8,6462,9.2,5370,7.6,65938,5254,8.0,4653,7.1,5821,8.8,5229,7.9,5633,8.5,5487,8.3,6204,9.4,5570,8.4,5418,8.2,5643,8.6,5756,8.7,5270,8.0,63824,4918,7.7,5110,8.0,6355,10.0,5760,9.0,5164,8.1,4831,7.6,5020,7.9,5313,8.3,5383,8.4,5253,8.2,5127,8.0,5590,8.8
"대한적십자사","충북",여,23655,1281,5.4,1316,5.6,2051,8.7,1974,8.3,2846,12.0,1889,8.0,1826,7.7,1860,7.9,2240,9.5,2022,8.5,2233,9.4,2117,8.9,22300,1378,6.2,1345,6.0,2151,9.6,1985,8.9,2552,11.4,1786,8.0,1903,8.5,1592,7.1,1810,8.1,1803,8.1,2198,9.9,1797,8.1,23988,1497,6.2,1279,5.3,2009,8.4,2237,9.3,2580,10.8,1966,8.2,2223,9.3,2051,8.6,1924,8.0,2225,9.3,2190,9.1,1807,7.5,19810,1205,6.1,1348,6.8,1498,7.6,1207,6.1,1832,9.2,1732,8.7,1686,8.5,1936,9.8,1910,9.6,1731,8.7,1938,9.8,1787,9.0,20749,1509,7.3,1226,5.9,1773,8.5,1743,8.4,1993,9.6,1951,9.4,2141,10.3,1660,8.0,1571,7.6,1468,7.1,1828,8.8,1886,9.1
"대한적십자사","대전·세종·충남",계,241112,16132,6.7,16605,6.9,21142,8.8,19755,8.2,23318,9.7,19426,8.1,21421,8.9,19455,8.1,21002,8.7,18862,7.8,22596,9.4,21398,8.9,248323,18643,7.5,16531,6.7,21392,8.6,20145,8.1,24166,9.7,19737,7.9,20464,8.2,20088,8.1,20029,8.1,21886,8.8,24434,9.8,20808,8.4,248778,19718,7.9,15692,6.3,20164,8.1,20486,8.2,24729,9.9,20874,8.4,20596,8.3,21930,8.8,20203,8.1,20942,8.4,22431,9.0,21013,8.4,238825,17729,7.4,17425,7.3,17421,7.3,17256,7.2,22171,9.3,19772,8.3,20861,8.7,22142,9.3,20123,8.4,20993,8.8,20762,8.7,22170,9.3,233429,17669,7.6,16554,7.1,22177,9.5,20031,8.6,21864,9.4,19253,8.2,20349,8.7,19183,8.2,18807,8.1,17819,7.6,19351,8.3,20372,8.7
"대한적십자사","대전·세종·충남",남,173478,12518,7.2,12758,7.4,15415,8.9,14808,8.5,15880,9.2,13386,7.7,15762,9.1,14654,8.4,14484,8.3,13383,7.7,15067,8.7,15363,8.9,178680,13910,7.8,12544,7.0,15635,8.8,14254,8.0,16790,9.4,13831,7.7,15214,8.5,15357,8.6,14524,8.1,14884,8.3,16407,9.2,15330,8.6,176499,14927,8.5,11936,6.8,14690,8.3,14640,8.3,16719,9.5,13929,7.9,15000,8.5,16170,9.2,14118,8.0,14085,8.0,14843,8.4,15442,8.7,171640,13104,7.6,12879,7.5,12964,7.6,12844,7.5,15523,9.0,14082,8.2,14907,8.7,15380,9.0,14361,8.4,15366,9.0,14468,8.4,15762,9.2,166881,13135,7.9,12157,7.3,15860,9.5,14399,8.6,14967,9.0,12850,7.7,14799,8.9,13980,8.4,13652,8.2,12953,7.8,13351,8.0,14778,8.9
"대한적십자사","대전·세종·충남",여,67634,3614,5.3,3847,5.7,5727,8.5,4947,7.3,7438,11.0,6040,8.9,5659,8.4,4801,7.1,6518,9.6,5479,8.1,7529,11.1,6035,8.9,69643,4733,6.8,3987,5.7,5757,8.3,5891,8.5,7376,10.6,5906,8.5,5250,7.5,4731,6.8,5505,7.9,7002,10.1,8027,11.5,5478,7.9,72279,4791,6.6,3756,5.2,5474,7.6,5846,8.1,8010,11.1,6945,9.6,5596,7.7,5760,8.0,6085,8.4,6857,9.5,7588,10.5,5571,7.7,67185,4625,6.9,4546,6.8,4457,6.6,4412,6.6,6648,9.9,5690,8.5,5954,8.9,6762,10.1,5762,8.6,5627,8.4,6294,9.4,6408,9.5,66548,4534,6.8,4397,6.6,6317,9.5,5632,8.5,6897,10.4,6403,9.6,5550,8.3,5203,7.8,5155,7.7,4866,7.3,6000,9.0,5594,8.4
"대한적십자사","전북",계,114218,8429,7.4,8387,7.3,8716,7.6,9388,8.2,12607,11.0,9769,8.6,9691,8.5,9328,8.2,9759,8.5,8743,7.7,10158,8.9,9243,8.1,108582,8122,7.5,7782,7.2,9234,8.5,9255,8.5,9883,9.1,8373,7.7,9018,8.3,8825,8.1,9303,8.6,10027,9.2,10046,9.3,8714,8.0,108903,9284,8.5,7296,6.7,9620,8.8,8418,7.7,10337,9.5,9088,8.3,9553,8.8,9330,8.6,8334,7.7,9357,8.6,8804,8.1,9482,8.7,102770,6975,6.8,6870,6.7,8226,8.0,7150,7.0,8673,8.4,8927,8.7,8190,8.0,9576,9.3,9998,9.7,8852,8.6,9435,9.2,9898,9.6,102915,8676,8.4,7112,6.9,8700,8.5,8472,8.2,8875,8.6,9335,9.1,9029,8.8,8596,8.4,8310,8.1,7903,7.7,8668,8.4,9239,9.0
"대한적십자사","전북",남,87191,6783,7.8,6513,7.5,6619,7.6,7267,8.3,9914,11.4,7231,8.3,7386,8.5,7047,8.1,7428,8.5,6696,7.7,7617,8.7,6690,7.7,82490,6264,7.6,6018,7.3,7242,8.8,6985,8.5,7297,8.8,6452,7.8,7258,8.8,6589,8.0,7042,8.5,7728,9.4,7262,8.8,6353,7.7,81328,7250,8.9,5501,6.8,7431,9.1,6223,7.7,7258,8.9,6726,8.3,7137,8.8,7192,8.8,6393,7.9,6750,8.3,6355,7.8,7112,8.7,76352,5331,7.0,5164,6.8,6240,8.2,5440,7.1,6321,8.3,6893,9.0,6042,7.9,6941,9.1,7304,9.6,6376,8.4,7086,9.3,7214,9.4,76286,6350,8.3,5368,7.0,6752,8.9,6246,8.2,6813,8.9,6554,8.6,6553,8.6,6510,8.5,6100,8.0,5877,7.7,6199,8.1,6964,9.1
"대한적십자사","전북",여,27027,1646,6.1,1874,6.9,2097,7.8,2121,7.8,2693,10.0,2538,9.4,2305,8.5,2281,8.4,2331,8.6,2047,7.6,2541,9.4,2553,9.4,26092,1858,7.1,1764,6.8,1992,7.6,2270,8.7,2586,9.9,1921,7.4,1760,6.7,2236,8.6,2261,8.7,2299,8.8,2784,10.7,2361,9.0,27575,2034,7.4,1795,6.5,2189,7.9,2195,8.0,3079,11.2,2362,8.6,2416,8.8,2138,7.8,1941,7.0,2607,9.5,2449,8.9,2370,8.6,26418,1644,6.2,1706,6.5,1986,7.5,1710,6.5,2352,8.9,2034,7.7,2148,8.1,2635,10.0,2694,10.2,2476,9.4,2349,8.9,2684,10.2,26629,2326,8.7,1744,6.5,1948,7.3,2226,8.4,2062,7.7,2781,10.4,2476,9.3,2086,7.8,2210,8.3,2026,7.6,2469,9.3,2275,8.5
"대한적십자사","광주·전남",계,220266,15172,6.9,15666,7.1,18277,8.3,17394,7.9,22455,10.2,18012,8.2,19060,8.7,19113,8.7,19438,8.8,16477,7.5,19117,8.7,20085,9.1,206743,15917,7.7,13544,6.6,18633,9.0,17624,8.5,22238,10.8,16273,7.9,17883,8.6,15443,7.5,18067,8.7,17016,8.2,18924,9.2,15181,7.3,206605,15444,7.5,13452,6.5,17448,8.4,19061,9.2,19180,9.3,16066,7.8,18916,9.2,16083,7.8,17923,8.7,18194,8.8,18565,9.0,16273,7.9,183153,15132,8.3,14091,7.7,15223,8.3,12776,7.0,16328,8.9,15756,8.6,15301,8.4,14986,8.2,15316,8.4,15953,8.7,16008,8.7,16283,8.9,185298,16156,8.7,13845,7.5,17265,9.3,14661,7.9,16252,8.8,14593,7.9,16733,9.0,15514,8.4,14837,8.0,13989,7.5,15174,8.2,16279,8.8
"대한적십자사","광주·전남",남,147667,10356,7.0,10617,7.2,12839,8.7,11770,8.0,14227,9.6,12797,8.7,12796,8.7,12469,8.4,12919,8.7,10906,7.4,12703,8.6,13268,9.0,141168,10808,7.7,9369,6.6,12615,8.9,12558,8.9,15281,10.8,10898,7.7,11997,8.5,10614,7.5,11948,8.5,11598,8.2,12945,9.2,10537,7.5,141682,10615,7.5,9602,6.8,11816,8.3,14633,10.3,12182,8.6,10973,7.7,12045,8.5,11018,7.8,12320,8.7,12433,8.8,12880,9.1,11165,7.9,127499,10600,8.3,9802,7.7,11232,8.8,9221,7.2,11129,8.7,11376,8.9,10466,8.2,10161,8.0,10262,8.0,10927,8.6,11178,8.8,11145,8.7,127598,11049,8.7,9591,7.5,12034,9.4,10466,8.2,10685,8.4,9803,7.7,11226,8.8,10809,8.5,10429,8.2,9898,7.8,10498,8.2,11110,8.7
"대한적십자사","광주·전남",여,72599,4816,6.6,5049,7.0,5438,7.5,5624,7.7,8228,11.3,5215,7.2,6264,8.6,6644,9.2,6519,9.0,5571,7.7,6414,8.8,6817,9.4,65575,5109,7.8,4175,6.4,6018,9.2,5066,7.7,6957,10.6,5375,8.2,5886,9.0,4829,7.4,6119,9.3,5418,8.3,5979,9.1,4644,7.1,64923,4829,7.4,3850,5.9,5632,8.7,4428,6.8,6998,10.8,5093,7.8,6871,10.6,5065,7.8,5603,8.6,5761,8.9,5685,8.8,5108,7.9,55654,4532,8.1,4289,7.7,3991,7.2,3555,6.4,5199,9.3,4380,7.9,4835,8.7,4825,8.7,5054,9.1,5026,9.0,4830,8.7,5138,9.2,57700,5107,8.9,4254,7.4,5231,9.1,4195,7.3,5567,9.6,4790,8.3,5507,9.5,4705,8.2,4408,7.6,4091,7.1,4676,8.1,5169,9.0
"대한적십자사","경남",계,130495,10255,7.9,9755,7.5,12309,9.4,9874,7.6,12023,9.2,10105,7.7,12251,9.4,10208,7.8,11170,8.6,9538,7.3,11592,8.9,11415,8.7,134719,11562,8.6,8659,6.4,11766,8.7,11140,8.3,13023,9.7,10406,7.7,11684,8.7,11310,8.4,10631,7.9,10975,8.1,13126,9.7,10437,7.7,132957,11941,9.0,8507,6.4,11846,8.9,10773,8.1,11039,8.3,10240,7.7,12131,9.1,12704,9.6,9804,7.4,10767,8.1,11599,8.7,11606,8.7,131089,10285,7.8,10624,8.1,11007,8.4,9568,7.3,11670,8.9,10817,8.3,11772,9.0,11458,8.7,11262,8.6,10726,8.2,10481,8.0,11419,8.7,124647,10656,8.5,8803,7.1,10898,8.7,10454,8.4,11313,9.1,10354,8.3,10467,8.4,9803,7.9,9733,7.8,9306,7.5,11062,8.9,11798,9.5
"대한적십자사","경남",남,101365,8266,8.2,7819,7.7,9555,9.4,8038,7.9,9127,9.0,8358,8.2,8919,8.8,8128,8.0,8319,8.2,7464,7.4,8926,8.8,8446,8.3,102900,8964,8.7,6553,6.4,9560,9.3,8248,8.0,10166,9.9,8116,7.9,8766,8.5,8527,8.3,8118,7.9,8122,7.9,10008,9.7,7752,7.5,101395,9481,9.4,6628,6.5,9277,9.1,8272,8.2,8129,8.0,7846,7.7,8847,8.7,9599,9.5,7280,7.2,8224,8.1,9260,9.1,8552,8.4,100405,7994,8.0,8222,8.2,8685,8.6,7492,7.5,8767,8.7,8445,8.4,8936,8.9,8375,8.3,8545,8.5,8357,8.3,8126,8.1,8461,8.4,95004,8003,8.4,6654,7.0,8650,9.1,8042,8.5,8444,8.9,7830,8.2,7525,7.9,7535,7.9,7631,8.0,7287,7.7,8479,8.9,8924,9.4
"대한적십자사","경남",여,29130,1989,6.8,1936,6.6,2754,9.5,1836,6.3,2896,9.9,1747,6.0,3332,11.4,2080,7.1,2851,9.8,2074,7.1,2666,9.2,2969,10.2,31819,2598,8.2,2106,6.6,2206,6.9,2892,9.1,2857,9.0,2290,7.2,2918,9.2,2783,8.7,2513,7.9,2853,9.0,3118,9.8,2685,8.4,31562,2460,7.8,1879,6.0,2569,8.1,2501,7.9,2910,9.2,2394,7.6,3284,10.4,3105,9.8,2524,8.0,2543,8.1,2339,7.4,3054,9.7,30684,2291,7.5,2402,7.8,2322,7.6,2076,6.8,2903,9.5,2372,7.7,2836,9.2,3083,10.0,2717,8.9,2369,7.7,2355,7.7,2958,9.6,29643,2653,8.9,2149,7.2,2248,7.6,2412,8.1,2869,9.7,2524,8.5,2942,9.9,2268,7.7,2102,7.1,2019,6.8,2583,8.7,2874,9.7
"대한적십자사","제주",계,37804,2469,6.5,3080,8.1,3496,9.2,2915,7.7,3752,9.9,3181,8.4,3242,8.6,3316,8.8,3149,8.3,2787,7.4,3166,8.4,3251,8.6,34264,2795,8.2,2147,6.3,3044,8.9,2922,8.5,3401,9.9,2569,7.5,2878,8.4,2824,8.2,2769,8.1,2692,7.9,3333,9.7,2890,8.4,35973,2930,8.1,2554,7.1,2921,8.1,2983,8.3,3421,9.5,2951,8.2,3304,9.2,2940,8.2,2739,7.6,3126,8.7,3116,8.7,2988,8.3,41673,2705,6.5,2925,7.0,3564,8.6,3352,8.0,3856,9.3,3573,8.6,4131,9.9,3352,8.0,3637,8.7,3515,8.4,3847,9.2,3216,7.7,42035,3857,9.2,2796,6.7,3598,8.6,4009,9.5,3451,8.2,3673,8.7,3589,8.5,3259,7.8,3511,8.4,3247,7.7,3417,8.1,3628,8.6
"대한적십자사","제주",남,25714,1713,6.7,2047,8.0,2560,10.0,2060,8.0,2323,9.0,2135,8.3,2217,8.6,2280,8.9,2055,8.0,1981,7.7,2254,8.8,2089,8.1,24219,2012,8.3,1530,6.3,2230,9.2,2054,8.5,2430,10.0,1935,8.0,2086,8.6,2113,8.7,1824,7.5,1731,7.1,2311,9.5,1963,8.1,24651,2094,8.5,1806,7.3,1909,7.7,2082,8.4,2359,9.6,2087,8.5,2210,9.0,1912,7.8,1879,7.6,2085,8.5,2098,8.5,2130,8.6,29017,1920,6.6,1975,6.8,2564,8.8,2285,7.9,2713,9.3,2448,8.4,2959,10.2,2348,8.1,2504,8.6,2480,8.5,2666,9.2,2155,7.4,29466,2789,9.5,1896,6.4,2563,8.7,2884,9.8,2360,8.0,2395,8.1,2380,8.1,2270,7.7,2600,8.8,2426,8.2,2339,7.9,2564,8.7
"대한적십자사","제주",여,12090,756,6.3,1033,8.5,936,7.7,855,7.1,1429,11.8,1046,8.7,1025,8.5,1036,8.6,1094,9.0,806,6.7,912,7.5,1162,9.6,10045,783,7.8,617,6.1,814,8.1,868,8.6,971,9.7,634,6.3,792,7.9,711,7.1,945,9.4,961,9.6,1022,10.2,927,9.2,11322,836,7.4,748,6.6,1012,8.9,901,8.0,1062,9.4,864,7.6,1094,9.7,1028,9.1,860,7.6,1041,9.2,1018,9.0,858,7.6,12656,785,6.2,950,7.5,1000,7.9,1067,8.4,1143,9.0,1125,8.9,1172,9.3,1004,7.9,1133,9.0,1035,8.2,1181,9.3,1061,8.4,12569,1068,8.5,900,7.2,1035,8.2,1125,9.0,1091,8.7,1278,10.2,1209,9.6,989,7.9,911,7.2,821,6.5,1078,8.6,1064,8.5
"대한적십자사 외","소계",계,213851,15969,7.5,15195,7.1,18824,8.8,18192,8.5,21987,10.3,16688,7.8,18940,8.9,18433,8.6,17540,8.2,16129,7.5,18151,8.5,17803,8.3,201659,16827,8.3,15542,7.7,15829,7.8,16127,8.0,19183,9.5,16606,8.2,19375,9.6,15782,7.8,16054,8.0,16013,7.9,16765,8.3,17556,8.7,177191,15009,8.5,13174,7.4,13717,7.7,12062,6.8,15058,8.5,14370,8.1,14888,8.4,16271,9.2,12952,7.3,18017,10.2,16203,9.1,15470,8.7,176191,12718,7.2,13689,7.8,18227,10.3,12777,7.3,15552,8.8,14830,8.4,16300,9.3,14588,8.3,13184,7.5,13362,7.6,14060,8.0,16904,9.6,177658,12364,7.0,11457,6.4,15323,8.6,13622,7.7,15597,8.8,15857,8.9,16287,9.2,15062,8.5,13125,7.4,15856,8.9,15581,8.8,17527,9.9
"대한적십자사 외","소계",남,143380,10357,7.2,9897,6.9,12422,8.7,11845,8.3,14180,9.9,11055,7.7,12928,9.0,12028,8.4,12142,8.5,11298,7.9,12476,8.7,12752,8.9,134139,11550,8.6,9878,7.4,10346,7.7,10856,8.1,12807,9.5,10907,8.1,12663,9.4,10277,7.7,10908,8.1,10812,8.1,11247,8.4,11888,8.9,127334,9820,7.7,9234,7.3,10619,8.3,9406,7.4,11272,8.9,10958,8.6,10833,8.5,10958,8.6,9231,7.2,12464,9.8,11322,8.9,11217,8.8,123326,8845,7.2,9511,7.7,12916,10.5,9050,7.3,10290,8.3,10037,8.1,11506,9.3,10196,8.3,9253,7.5,9693,7.9,10349,8.4,11680,9.5,123175,8578,7.0,7974,6.5,10951,8.9,9679,7.9,10925,8.9,10512,8.5,11384,9.2,10064,8.2,8962,7.3,11190,9.1,10881,8.8,12075,9.8
"대한적십자사 외","소계",여,70471,5612,8.0,5298,7.5,6402,9.1,6347,9.0,7807,11.1,5633,8.0,6012,8.5,6405,9.1,5398,7.7,4831,6.9,5675,8.1,5051,7.2,67520,5277,7.8,5664,8.4,5483,8.1,5271,7.8,6376,9.4,5699,8.4,6712,9.9,5505,8.2,5146,7.6,5201,7.7,5518,8.2,5668,8.4,49857,5189,10.4,3940,7.9,3098,6.2,2656,5.3,3786,7.6,3412,6.8,4055,8.1,5313,10.7,3721,7.5,5553,11.1,4881,9.8,4253,8.5,52865,3873,7.3,4178,7.9,5311,10.0,3727,7.1,5262,10.0,4793,9.1,4794,9.1,4392,8.3,3931,7.4,3669,6.9,3711,7.0,5224,9.9,54483,3786,6.9,3483,6.4,4372,8.0,3943,7.2,4672,8.6,5345,9.8,4903,9.0,4998,9.2,4163,7.6,4666,8.6,4700,8.6,5452,10.0
