"혈액원별(1)","혈액원별(2)",성별(1),2017,2017,2017,2017,2017,2017,2017,2017,2017,2017,2017,2017,2017,2017,2017,2017,2017,2017,2017,2017,2017,2018,2018,2018,2018,2018,2018,2018,2018,2018,2018,2018,2018,2018,2018,2018,2018,2018,2018,2018,2018,2018,2019,2019,2019,2019,2019,2019,2019,2019,2019,2019,2019,2019,2019,2019,2019,2019,2019,2019,2019,2019,2019,2020,2020,2020,2020,2020,2020,2020,2020,2020,2020,2020,2020,2020,2020,2020,2020,2020,2020,2020,2020,2020,2021,2021,2021,2021,2021,2021,2021,2021,2021,2021,2021,2021,2021,2021,2021,2021,2021,2021,2021,2021,2021
"혈액원별(1)","혈액원별(2)",성별(1),합계,단체헌혈,단체헌혈,단체헌혈,단체헌혈,단체헌혈,단체헌혈,단체헌혈,단체헌혈,단체헌혈,단체헌혈,단체헌혈,단체헌혈,개인헌혈,개인헌혈,개인헌혈,개인헌혈,개인헌혈,개인헌혈,개인헌혈,개인헌혈,합계,단체헌혈,단체헌혈,단체헌혈,단체헌혈,단체헌혈,단체헌혈,단체헌혈,단체헌혈,단체헌혈,단체헌혈,단체헌혈,단체헌혈,개인헌혈,개인헌혈,개인헌혈,개인헌혈,개인헌혈,개인헌혈,개인헌혈,개인헌혈,합계,단체헌혈,단체헌혈,단체헌혈,단체헌혈,단체헌혈,단체헌혈,단체헌혈,단체헌혈,단체헌혈,단체헌혈,단체헌혈,단체헌혈,개인헌혈,개인헌혈,개인헌혈,개인헌혈,개인헌혈,개인헌혈,개인헌혈,개인헌혈,합계,단체헌혈,단체헌혈,단체헌혈,단체헌혈,단체헌혈,단체헌혈,단체헌혈,단체헌혈,단체헌혈,단체헌혈,단체헌혈,단체헌혈,개인헌혈,개인헌혈,개인헌혈,개인헌혈,개인헌혈,개인헌혈,개인헌혈,개인헌혈,합계,단체헌혈,단체헌혈,단체헌혈,단체헌혈,단체헌혈,단체헌혈,단체헌혈,단체헌혈,단체헌혈,단체헌혈,단체헌혈,단체헌혈,개인헌혈,개인헌혈,개인헌혈,개인헌혈,개인헌혈,개인헌혈,개인헌혈,개인헌혈
"혈액원별(1)","혈액원별(2)",성별(1),소계,소계,소계,고등학교,고등학교,대학교,대학교,군부대,군부대,종교,종교,일반단체,일반단체,소계,소계,원내,원내,헌혈의집,헌혈의집,가두,가두,소계,소계,소계,고등학교,고등학교,대학교,대학교,군부대,군부대,종교,종교,일반단체,일반단체,소계,소계,원내,원내,헌혈의집,헌혈의집,가두,가두,소계,소계,소계,고등학교,고등학교,대학교,대학교,군부대,군부대,종교,종교,일반단체,일반단체,소계,소계,원내,원내,헌혈의집,헌혈의집,가두,가두,소계,소계,소계,고등학교,고등학교,대학교,대학교,군부대,군부대,종교,종교,일반단체,일반단체,소계,소계,원내,원내,헌혈의집,헌혈의집,가두,가두,소계,소계,소계,고등학교,고등학교,대학교,대학교,군부대,군부대,종교,종교,일반단체,일반단체,소계,소계,원내,원내,헌혈의집,헌혈의집,가두,가두
"혈액원별(1)","혈액원별(2)",성별(1),실적 (건),실적 (건),구성비 (%),실적 (건),구성비 (%),실적 (건),구성비 (%),실적 (건),구성비 (%),실적 (건),구성비 (%),실적 (건),구성비 (%),실적 (건),구성비 (%),실적 (건),구성비 (%),실적 (건),구성비 (%),실적 (건),구성비 (%),실적 (건),실적 (건),구성비 (%),실적 (건),구성비 (%),실적 (건),구성비 (%),실적 (건),구성비 (%),실적 (건),구성비 (%),실적 (건),구성비 (%),실적 (건),구성비 (%),실적 (건),구성비 (%),실적 (건),구성비 (%),실적 (건),구성비 (%),실적 (건),실적 (건),구성비 (%),실적 (건),구성비 (%),실적 (건),구성비 (%),실적 (건),구성비 (%),실적 (건),구성비 (%),실적 (건),구성비 (%),실적 (건),구성비 (%),실적 (건),구성비 (%),실적 (건),구성비 (%),실적 (건),구성비 (%),실적 (건),실적 (건),구성비 (%),실적 (건),구성비 (%),실적 (건),구성비 (%),실적 (건),구성비 (%),실적 (건),구성비 (%),실적 (건),구성비 (%),실적 (건),구성비 (%),실적 (건),구성비 (%),실적 (건),구성비 (%),실적 (건),구성비 (%),실적 (건),실적 (건),구성비 (%),실적 (건),구성비 (%),실적 (건),구성비 (%),실적 (건),구성비 (%),실적 (건),구성비 (%),실적 (건),구성비 (%),실적 (건),구성비 (%),실적 (건),구성비 (%),실적 (건),구성비 (%),실적 (건),구성비 (%)
"합계","소계",계,2928670,954074,32.6,354872,12.1,82256,2.8,350961,12.0,13736,0.5,152249,5.2,1974596,67.4,42426,1.4,1923185,65.7,8985,0.3,2883270,899964,31.2,332057,11.5,80164,2.8,325216,11.3,14547,0.5,147980,5.1,1983306,68.8,42720,1.5,1933318,67.1,7268,0.3,2791092,873252,31.3,327935,11.7,88291,3.2,289426,10.4,11063,0.4,156537,5.6,1917840,68.7,41909,1.5,1870399,67.0,5532,0.2,2611401,659102,25.2,96432,3.7,17705,0.7,301913,11.6,4975,0.2,238077,9.1,1952299,74.8,48111,1.8,1891782,72.4,12406,0.5,2604437,649759,24.9,136319,5.2,38546,1.5,259671,10.0,12982,0.5,202241,7.8,1954678,75.1,50176,1.9,1891074,72.6,13428,0.5
"합계","소계",남,2132241,770644,36.1,241711,11.3,52349,2.5,348560,16.3,5423,0.3,122601,5.7,1361597,63.8,32895,1.5,1322526,62.0,6176,0.3,2106912,722231,34.3,225667,10.7,50647,2.4,322735,15.3,5443,0.3,117739,5.6,1384681,65.7,33308,1.6,1346154,63.9,5219,0.2,2036566,685224,33.6,219656,10.8,55202,2.7,286167,14.1,5400,0.3,118799,5.8,1351342,66.4,32380,1.6,1314974,64.6,3988,0.2,1916444,551819,28.8,68153,3.6,12514,0.7,296644,15.5,3040,0.2,171468,8.9,1364625,71.2,36901,1.9,1320100,68.9,7624,0.4,1895131,523484,27.6,94120,5.0,23993,1.3,254540,13.4,7541,0.4,143290,7.6,1371647,72.4,38433,2.0,1324947,69.9,8267,0.4
"합계","소계",여,796429,183430,23.0,113161,14.2,29907,3.8,2401,0.3,8313,1.0,29648,3.7,612999,77.0,9531,1.2,600659,75.4,2809,0.4,776358,177733,22.9,106390,13.7,29517,3.8,2481,0.3,9104,1.2,30241,3.9,598625,77.1,9412,1.2,587164,75.6,2049,0.3,754526,188028,24.9,108279,14.4,33089,4.4,3259,0.4,5663,0.8,37738,5.0,566498,75.1,9529,1.3,555425,73.6,1544,0.2,694957,107283,15.4,28279,4.1,5191,0.7,5269,0.8,1935,0.3,66609,9.6,587674,84.6,11210,1.6,571682,82.3,4782,0.7,709306,126275,17.8,42199,5.9,14553,2.1,5131,0.7,5441,0.8,58951,8.3,583031,82.2,11743,1.7,566127,79.8,5161,0.7
"대한적십자사","소계",계,2714819,917762,33.8,345367,12.7,74043,2.7,347109,12.8,10752,0.4,140491,5.2,1797057,66.2,38635,1.4,1753331,64.6,5091,0.2,2681611,870660,32.5,323622,12.1,73772,2.8,324422,12.1,12133,0.5,136711,5.1,1810951,67.5,39509,1.5,1766964,65.9,4478,0.2,2613901,848228,32.5,322619,12.3,81802,3.1,289426,11.1,8946,0.3,145435,5.6,1765673,67.5,39490,1.5,1723781,65.9,2402,0.1,2435210,644359,26.5,95807,3.9,17055,0.7,301913,12.4,3013,0.1,226571,9.3,1790851,73.5,46193,1.9,1741098,71.5,3560,0.1,2426779,629448,25.9,134550,5.5,36447,1.5,259671,10.7,6945,0.3,191835,7.9,1797331,74.1,48373,2.0,1742521,71.8,6437,0.3
"대한적십자사","소계",남,1988861,743272,37.4,234989,11.8,46669,2.3,344740,17.3,3498,0.2,113376,5.7,1245589,62.6,30545,1.5,1211268,60.9,3776,0.2,1972773,701149,35.5,219953,11.1,46393,2.4,321946,16.3,3971,0.2,108886,5.5,1271624,64.5,31449,1.6,1236695,62.7,3480,0.2,1909232,666223,34.9,215891,11.3,50414,2.6,286167,15.0,3891,0.2,109860,5.8,1243009,65.1,30800,1.6,1210397,63.4,1812,0.1,1793118,540166,30.1,67708,3.8,12042,0.7,296644,16.5,1769,0.1,162003,9.0,1252952,69.9,35528,2.0,1215172,67.8,2252,0.1,1771956,508601,28.7,92817,5.2,22695,1.3,254540,14.4,3915,0.2,134634,7.6,1263355,71.3,37048,2.1,1222137,69.0,4170,0.2
"대한적십자사","소계",여,725958,174490,24.0,110378,15.2,27374,3.8,2369,0.3,7254,1.0,27115,3.7,551468,76.0,8090,1.1,542063,74.7,1315,0.2,708838,169511,23.9,103669,14.6,27379,3.9,2476,0.3,8162,1.2,27825,3.9,539327,76.1,8060,1.1,530269,74.8,998,0.1,704669,182005,25.8,106728,15.1,31388,4.5,3259,0.5,5055,0.7,35575,5.0,522664,74.2,8690,1.2,513384,72.9,590,0.1,642092,104193,16.2,28099,4.4,5013,0.8,5269,0.8,1244,0.2,64568,10.1,537899,83.8,10665,1.7,525926,81.9,1308,0.2,654823,120847,18.5,41733,6.4,13752,2.1,5131,0.8,3030,0.5,57201,8.7,533976,81.5,11325,1.7,520384,79.5,2267,0.3
"대한적십자사","서울중앙",계,-,-,-,-,-,-,-,-,-,-,-,-,-,-,-,-,-,-,-,-,-,266577,50528,19.0,14569,5.5,1287,0.5,30498,11.4,650,0.2,3524,1.3,216049,81.0,5787,2.2,210214,78.9,48,-,251035,50398,20.1,14910,5.9,1932,0.8,28396,11.3,642,0.3,4518,1.8,200637,79.9,5246,2.1,195370,77.8,21,0.0,222024,30847,13.9,3679,1.7,237,0.1,17923,8.1,68,-,8940,4.0,191177,86.1,4841,2.2,186115,83.8,221,0.1,216484,31817,14.7,6221,2.9,430,0.2,16688,7.7,653,0.3,7825,3.6,184667,85.3,4869,2.2,179771,83.0,27,0.0
"대한적십자사","서울중앙",남,-,-,-,-,-,-,-,-,-,-,-,-,-,-,-,-,-,-,-,-,-,195481,44242,22.6,10296,5.3,858,0.4,30330,15.5,110,0.1,2648,1.4,151239,77.4,4411,2.3,146795,75.1,33,-,182916,43478,23.8,10651,5.8,1287,0.7,28204,15.4,153,0.1,3183,1.7,139438,76.2,3840,2.1,135584,74.1,14,0.0,157832,26713,16.9,2816,1.8,149,0.1,17732,11.2,39,-,5977,3.8,131119,83.1,3449,2.2,127521,80.8,149,0.1,155322,26848,17.3,4697,3.0,281,0.2,16388,10.6,304,0.2,5178,3.3,128474,82.7,3555,2.3,124898,80.4,21,0.0
"대한적십자사","서울중앙",여,-,-,-,-,-,-,-,-,-,-,-,-,-,-,-,-,-,-,-,-,-,71096,6286,8.8,4273,6.0,429,0.6,168,0.2,540,0.8,876,1.2,64810,91.2,1376,1.9,63419,89.2,15,-,68119,6920,10.2,4259,6.3,645,0.9,192,0.3,489,0.7,1335,2.0,61199,89.8,1406,2.1,59786,87.8,7,0.0,64192,4134,6.4,863,1.3,88,0.1,191,0.3,29,-,2963,4.6,60058,93.6,1392,2.2,58594,91.3,72,0.1,61162,4969,8.1,1524,2.5,149,0.2,300,0.5,349,0.6,2647,4.3,56193,91.9,1314,2.1,54873,89.7,6,0.0
"대한적십자사","서울서부",계,277348,56624,20.4,18559,6.7,1741,0.6,31229,11.3,682,0.2,4413,1.6,220724,79.6,5539,2.0,215152,77.6,33,0.0,-,-,-,-,-,-,-,-,-,-,-,-,-,-,-,-,-,-,-,-,-,-,-,-,-,-,-,-,-,-,-,-,-,-,-,-,-,-,-,-,-,-,-,-,-,-,-,-,-,-,-,-,-,-,-,-,-,-,-,-,-,-,-,-,-,-,-,-,-,-,-,-,-,-,-,-,-,-,-,-,-,-,-,-
"대한적십자사","서울서부",남,201838,48975,24.3,13338,6.6,1131,0.6,31068,15.4,102,0.1,3336,1.7,152863,75.7,4253,2.1,148584,73.6,26,0.0,-,-,-,-,-,-,-,-,-,-,-,-,-,-,-,-,-,-,-,-,-,-,-,-,-,-,-,-,-,-,-,-,-,-,-,-,-,-,-,-,-,-,-,-,-,-,-,-,-,-,-,-,-,-,-,-,-,-,-,-,-,-,-,-,-,-,-,-,-,-,-,-,-,-,-,-,-,-,-,-,-,-,-,-
"대한적십자사","서울서부",여,75510,7649,10.1,5221,6.9,610,0.8,161,0.2,580,0.8,1077,1.4,67861,89.9,1286,1.7,66568,88.2,7,0.0,-,-,-,-,-,-,-,-,-,-,-,-,-,-,-,-,-,-,-,-,-,-,-,-,-,-,-,-,-,-,-,-,-,-,-,-,-,-,-,-,-,-,-,-,-,-,-,-,-,-,-,-,-,-,-,-,-,-,-,-,-,-,-,-,-,-,-,-,-,-,-,-,-,-,-,-,-,-,-,-,-,-,-,-
"대한적십자사","서울남부",계,246596,77412,31.4,18440,7.5,3149,1.3,41227,16.7,1119,0.5,13477,5.5,169184,68.6,3416,1.4,165768,67.2,0,0.0,230499,66913,29.0,16657,7.2,2765,1.2,34783,15.1,1072,0.5,11636,5.0,163586,71.0,3775,1.6,159811,69.3,-,-,214734,60347,28.1,16875,7.9,3054,1.4,28533,13.3,505,0.2,11380,5.3,154387,71.9,3852,1.8,150535,70.1,0,0.0,190301,49293,25.9,2550,1.3,566,0.3,32306,17.0,125,0.1,13746,7.2,141008,74.1,3833,2.0,137175,72.1,-,-,176386,39832,22.6,3276,1.9,508,0.3,24888,14.1,958,0.5,10202,5.8,136554,77.4,4130,2.3,131898,74.8,526,0.3
"대한적십자사","서울남부",남,185180,67961,36.7,13743,7.4,2229,1.2,40981,22.1,326,0.2,10682,5.8,117219,63.3,2716,1.5,114503,61.8,0,0.0,173905,58125,33.4,12386,7.1,2009,1.2,34518,19.8,322,0.2,8890,5.1,115780,66.6,3051,1.8,112729,64.8,-,-,160320,51260,32.0,12533,7.8,2147,1.3,28190,17.6,305,0.2,8085,5.0,109060,68.0,3010,1.9,106050,66.1,0,0.0,144323,44550,30.9,2179,1.5,481,0.3,31753,22.0,69,-,10068,7.0,99773,69.1,3008,2.1,96765,67.0,-,-,132869,35451,26.7,2771,2.1,383,0.3,24398,18.4,585,0.4,7314,5.5,97418,73.3,3239,2.4,93822,70.6,357,0.3
"대한적십자사","서울남부",여,61416,9451,15.4,4697,7.6,920,1.5,246,0.4,793,1.3,2795,4.6,51965,84.6,700,1.1,51265,83.5,0,0.0,56594,8788,15.5,4271,7.5,756,1.3,265,0.5,750,1.3,2746,4.9,47806,84.5,724,1.3,47082,83.2,-,-,54414,9087,16.7,4342,8.0,907,1.7,343,0.6,200,0.4,3295,6.1,45327,83.3,842,1.5,44485,81.8,0,0.0,45978,4743,10.3,371,0.8,85,0.2,553,1.2,56,0.1,3678,8.0,41235,89.7,825,1.8,40410,87.9,-,-,43517,4381,10.1,505,1.2,125,0.3,490,1.1,373,0.9,2888,6.6,39136,89.9,891,2.0,38076,87.5,169,0.4
"대한적십자사","서울동부",계,279786,79896,28.6,26912,9.6,3262,1.2,39161,14.0,1297,0.5,9264,3.3,199890,71.4,5003,1.8,194796,69.6,91,0.0,279045,73356,26.3,25497,9.1,3342,1.2,34461,12.3,1930,0.7,8126,2.9,205689,73.7,4715,1.7,200481,71.8,493,0.2,259856,64877,25.0,24727,9.5,3476,1.3,25834,9.9,1030,0.4,9810,3.8,194979,75.0,5292,2.0,189658,73.0,29,0.0,231788,52147,22.5,2818,1.2,2029,0.9,35718,15.4,212,0.1,11370,4.9,179641,77.5,4991,2.2,173377,74.8,1273,0.5,230555,50377,21.9,5148,2.2,2792,1.2,29799,12.9,848,0.4,11790,5.1,180178,78.1,5023,2.2,172481,74.8,2674,1.2
"대한적십자사","서울동부",남,201327,65626,32.6,17467,8.7,1864,0.9,38918,19.3,479,0.2,6898,3.4,135701,67.4,3656,1.8,131984,65.6,61,0.0,201187,59546,29.6,16922,8.4,1977,1.0,34258,17.0,666,0.3,5723,2.8,141641,70.4,3499,1.7,137771,68.5,371,0.2,186199,50529,27.1,15904,8.5,2065,1.1,25579,13.7,460,0.2,6521,3.5,135670,72.9,3824,2.1,131824,70.8,22,0.0,171190,46925,27.4,1865,1.1,1728,1.0,35223,20.6,135,0.1,7974,4.7,124265,72.6,3734,2.2,119841,70.0,690,0.4,167635,42865,25.6,3200,1.9,2219,1.3,29254,17.5,485,0.3,7707,4.6,124770,74.4,3710,2.2,119476,71.3,1584,0.9
"대한적십자사","서울동부",여,78459,14270,18.2,9445,12.0,1398,1.8,243,0.3,818,1.0,2366,3.0,64189,81.8,1347,1.7,62812,80.1,30,0.0,77858,13810,17.7,8575,11.0,1365,1.8,203,0.3,1264,1.6,2403,3.1,64048,82.3,1216,1.6,62710,80.5,122,0.2,73657,14348,19.5,8823,12.0,1411,1.9,255,0.3,570,0.8,3289,4.5,59309,80.5,1468,2.0,57834,78.5,7,0.0,60598,5222,8.6,953,1.6,301,0.5,495,0.8,77,0.1,3396,5.6,55376,91.4,1257,2.1,53536,88.3,583,1.0,62920,7512,11.9,1948,3.1,573,0.9,545,0.9,363,0.6,4083,6.5,55408,88.1,1313,2.1,53005,84.2,1090,1.7
"대한적십자사","부산",계,215205,58352,27.1,22798,10.6,4441,2.1,18221,8.5,1991,0.9,10901,5.1,156853,72.9,1032,0.5,155790,72.4,31,0.0,223597,56712,25.4,22086,9.9,3928,1.8,18000,8.1,2750,1.2,9948,4.4,166885,74.6,933,0.4,165904,74.2,48,-,213561,52437,24.6,21751,10.2,4630,2.2,14904,7.0,2445,1.1,8707,4.1,161124,75.4,1018,0.5,160106,75.0,0,0.0,197302,36215,18.4,7026,3.6,817,0.4,16502,8.4,424,0.2,11446,5.8,161087,81.6,1624,0.8,159427,80.8,36,-,194786,37119,19.1,8547,4.4,3321,1.7,14872,7.6,1389,0.7,8990,4.6,157667,80.9,1785,0.9,155860,80.0,22,0.0
"대한적십자사","부산",남,151757,46922,30.9,16285,10.7,2811,1.9,18119,11.9,875,0.6,8832,5.8,104835,69.1,858,0.6,103959,68.5,18,0.0,156593,45449,29.0,16020,10.2,2399,1.5,17879,11.4,1214,0.8,7937,5.1,111144,71.0,767,0.5,110341,70.5,36,-,149783,40833,27.3,15513,10.4,2784,1.9,14689,9.8,1384,0.9,6463,4.3,108950,72.7,802,0.5,108148,72.2,0,0.0,138067,30467,22.1,5604,4.1,542,0.4,16120,11.7,232,0.2,7969,5.8,107600,77.9,1227,0.9,106352,77.0,21,-,135511,30392,22.4,6912,5.1,2149,1.6,14581,10.8,802,0.6,5948,4.4,105119,77.6,1329,1.0,103773,76.6,17,0.0
"대한적십자사","부산",여,63448,11430,18.0,6513,10.3,1630,2.6,102,0.2,1116,1.8,2069,3.3,52018,82.0,174,0.3,51831,81.7,13,0.0,67004,11263,16.8,6066,9.1,1529,2.3,121,0.2,1536,2.3,2011,3.0,55741,83.2,166,0.2,55563,82.9,12,-,63778,11604,18.2,6238,9.8,1846,2.9,215,0.3,1061,1.7,2244,3.5,52174,81.8,216,0.3,51958,81.5,0,0.0,59235,5748,9.7,1422,2.4,275,0.5,382,0.6,192,0.3,3477,5.9,53487,90.3,397,0.7,53075,89.6,15,-,59275,6727,11.3,1635,2.8,1172,2.0,291,0.5,587,1.0,3042,5.1,52548,88.7,456,0.8,52087,87.9,5,0.0
"대한적십자사","대구·경북",계,240774,83547,34.7,35050,14.6,12401,5.2,22448,9.3,721,0.3,12927,5.4,157227,65.3,3011,1.3,154211,64.0,5,0.0,246155,79745,32.4,33960,13.8,13129,5.3,19547,7.9,735,0.3,12374,5.0,166410,67.6,3215,1.3,163195,66.3,-,-,232481,70360,30.3,27395,11.8,12360,5.3,18505,8.0,168,0.1,11932,5.1,162121,69.7,3307,1.4,158814,68.3,0,0.0,196373,41089,20.9,7646,3.9,2375,1.2,10274,5.2,446,0.2,20348,10.4,155284,79.1,3569,1.8,151715,77.3,-,-,225330,53149,23.6,11567,5.1,7515,3.3,13164,5.8,521,0.2,20382,9.0,172181,76.4,3023,1.3,168644,74.8,514,0.2
"대한적십자사","대구·경북",남,172578,63948,37.1,23705,13.7,7581,4.4,22250,12.9,165,0.1,10247,5.9,108630,62.9,2647,1.5,105979,61.4,4,0.0,176709,60407,34.2,23152,13.1,8287,4.7,19344,10.9,142,0.1,9482,5.4,116302,65.8,2866,1.6,113436,64.2,-,-,167290,53396,31.9,18759,11.2,7552,4.5,18309,10.9,88,0.1,8688,5.2,113894,68.1,2839,1.7,111055,66.4,0,0.0,139286,30589,22.0,5073,3.6,1405,1.0,10138,7.3,285,0.2,13688,9.8,108697,78.0,3051,2.2,105646,75.8,-,-,159155,38092,23.9,7620,4.8,4065,2.6,12858,8.1,347,0.2,13202,8.3,121063,76.1,2530,1.6,118245,74.3,288,0.2
"대한적십자사","대구·경북",여,68196,19599,28.7,11345,16.6,4820,7.1,198,0.3,556,0.8,2680,3.9,48597,71.2,364,0.5,48232,70.7,1,0.0,69446,19338,27.8,10808,15.6,4842,7.0,203,0.3,593,0.9,2892,4.2,50108,72.2,349,0.5,49759,71.7,-,-,65191,16964,26.0,8636,13.2,4808,7.4,196,0.3,80,0.1,3244,5.0,48227,74.0,468,0.7,47759,73.3,0,0.0,57087,10500,18.4,2573,4.5,970,1.7,136,0.2,161,0.3,6660,11.7,46587,81.6,518,0.9,46069,80.7,-,-,66175,15057,22.8,3947,6.0,3450,5.2,306,0.5,174,0.3,7180,10.9,51118,77.2,493,0.7,50399,76.2,226,0.3
"대한적십자사","인천",계,163533,48240,29.5,24107,14.7,1596,1.0,15578,9.5,814,0.5,6145,3.8,115293,70.5,4439,2.7,110157,67.4,697,0.4,157317,40795,25.9,21747,13.8,1354,0.9,10689,6.8,1079,0.7,5926,3.8,116522,74.1,4827,3.1,111262,70.7,433,0.3,158392,44065,27.8,20129,12.7,2789,1.8,14236,9.0,249,0.2,6662,4.2,114327,72.2,4566,2.9,109761,69.3,0,0.0,165074,32280,19.6,3226,2.0,223,0.1,18942,11.5,60,-,9829,6.0,132794,80.4,6769,4.1,125912,76.3,113,0.1,166763,27681,16.6,4085,2.4,623,0.4,14171,8.5,482,0.3,8320,5.0,139082,83.4,7785,4.7,130964,78.5,333,0.2
"대한적십자사","인천",남,115780,37229,32.2,15862,13.7,1131,1.0,15474,13.4,205,0.2,4557,3.9,78551,67.8,3472,3.0,74684,64.5,395,0.3,110801,30789,27.8,14641,13.2,902,0.8,10614,9.6,282,0.3,4350,3.9,80012,72.2,3727,3.4,75956,68.6,329,0.3,112002,33756,30.1,13105,11.7,2002,1.8,14099,12.6,119,0.1,4431,4.0,78246,69.9,3527,3.1,74719,66.7,0,0.0,119383,28014,23.5,2233,1.9,178,0.1,18663,15.6,28,-,6912,5.8,91369,76.5,5013,4.2,86281,72.3,75,0.1,119848,23165,19.3,2747,2.3,417,0.3,13914,11.6,251,0.2,5836,4.9,96683,80.7,5778,4.8,90698,75.7,207,0.2
"대한적십자사","인천",여,47753,11011,23.1,8245,17.3,465,1.0,104,0.2,609,1.3,1588,3.3,36742,76.9,967,2.0,35473,74.3,302,0.6,46516,10006,21.5,7106,15.3,452,1.0,75,0.2,797,1.7,1576,3.4,36510,78.5,1100,2.4,35306,75.9,104,0.2,46390,10309,22.2,7024,15.1,787,1.7,137,0.3,130,0.3,2231,4.8,36081,77.8,1039,2.2,35042,75.5,0,0.0,45691,4266,9.3,993,2.2,45,0.1,279,0.6,32,0.1,2917,6.4,41425,90.7,1756,3.8,39631,86.7,38,0.1,46915,4516,9.6,1338,2.9,206,0.4,257,0.5,231,0.5,2484,5.3,42399,90.4,2007,4.3,40266,85.8,126,0.3
"대한적십자사","울산",계,86261,33482,38.8,19986,23.2,2153,2.5,3953,4.6,515,0.6,6875,8.0,52779,61.2,673,0.8,52106,60.4,0,0.0,86711,31374,36.2,18465,21.3,2681,3.1,3848,4.4,307,0.4,6073,7.0,55337,63.8,809,0.9,54528,62.9,-,-,91599,34826,38.0,18323,20.0,3766,4.1,3851,4.2,207,0.2,8679,9.5,56773,62.0,1182,1.3,55591,60.7,0,0.0,82518,27912,33.8,7270,8.8,810,1.0,3559,4.3,264,0.3,16009,19.4,54606,66.2,1740,2.1,52866,64.1,-,-,83549,27786,33.3,10115,12.1,1302,1.6,3018,3.6,260,0.3,13091,15.7,55763,66.7,2075,2.5,53688,64.3,-,-
"대한적십자사","울산",남,65900,26406,40.1,14569,22.1,1636,2.5,3948,6.0,229,0.3,6024,9.1,39494,60.0,571,0.9,38923,59.1,0,0.0,66006,24193,36.7,13203,20.0,1946,2.9,3840,5.8,148,0.2,5056,7.7,41813,63.3,695,1.1,41118,62.3,-,-,68561,26594,38.8,13013,19.0,2500,3.6,3836,5.6,150,0.2,7095,10.3,41967,61.2,974,1.4,40993,59.8,0,0.0,63660,23243,36.5,5234,8.2,630,1.0,3484,5.5,166,0.3,13729,21.6,40417,63.5,1367,2.1,39050,61.3,-,-,63842,22091,34.6,7213,11.3,877,1.4,2995,4.7,190,0.3,10816,16.9,41751,65.4,1602,2.5,40149,62.9,-,-
"대한적십자사","울산",여,20361,7076,34.8,5417,26.6,517,2.5,5,0.0,286,1.4,851,4.2,13285,65.2,102,0.5,13183,64.7,0,0.0,20705,7181,34.7,5262,25.4,735,3.5,8,-,159,0.8,1017,4.9,13524,65.3,114,0.6,13410,64.8,-,-,23038,8232,35.7,5310,23.0,1266,5.5,15,0.1,57,0.2,1584,6.9,14806,64.3,208,0.9,14598,63.4,0,0.0,18858,4669,24.8,2036,10.8,180,1.0,75,0.4,98,0.5,2280,12.1,14189,75.2,373,2.0,13816,73.3,-,-,19707,5695,28.9,2902,14.7,425,2.2,23,0.1,70,0.4,2275,11.5,14012,71.1,473,2.4,13539,68.7,-,-
"대한적십자사","경기",계,210813,72313,34.3,26166,12.4,8539,4.1,21495,10.2,564,0.3,15549,7.4,138500,65.7,7339,3.5,131161,62.2,0,0.0,203912,59977,29.4,19484,9.6,5709,2.8,18670,9.2,463,0.2,15651,7.7,143935,70.6,6694,3.3,137241,67.3,-,-,211170,63691,30.2,22529,10.7,7827,3.7,16545,7.8,474,0.2,16316,7.7,147479,69.8,5729,2.7,141750,67.1,0,0.0,225902,52897,23.4,5340,2.4,1204,0.5,22743,10.1,117,0.1,23493,10.4,173005,76.6,6041,2.7,166964,73.9,-,-,225736,44700,19.8,5676,2.5,1601,0.7,16976,7.5,452,0.2,19995,8.9,181036,80.2,4388,1.9,176648,78.3,-,-
"대한적십자사","경기",남,159730,57356,35.9,17977,11.3,5359,3.4,21311,13.3,114,0.1,12595,7.9,102374,64.0,5658,3.5,96716,60.5,0,0.0,156393,48638,31.1,13471,8.6,3805,2.4,18486,11.8,103,0.1,12773,8.2,107755,68.9,5270,3.4,102485,65.5,-,-,158935,49067,30.9,14819,9.3,5126,3.2,16307,10.3,89,0.1,12726,8.0,109868,69.1,4434,2.8,105434,66.3,0,0.0,171193,43950,25.7,4044,2.4,898,0.5,22272,13.0,60,-,16676,9.7,127243,74.3,4634,2.7,122609,71.6,-,-,168602,35777,21.2,4019,2.4,1005,0.6,16454,9.8,195,0.1,14104,8.4,132825,78.8,3440,2.0,129385,76.7,-,-
"대한적십자사","경기",여,51083,14957,29.3,8189,16.0,3180,6.2,184,0.4,450,0.9,2954,5.8,36126,70.7,1681,3.3,34445,67.4,0,0.0,47519,11339,23.9,6013,12.7,1904,4.0,184,0.4,360,0.8,2878,6.1,36180,76.1,1424,3.0,34756,73.1,-,-,52235,14624,28.0,7710,14.8,2701,5.2,238,0.5,385,0.7,3590,6.9,37611,72.0,1295,2.5,36316,69.5,0,0.0,54709,8947,16.4,1296,2.4,306,0.6,471,0.9,57,0.1,6817,12.5,45762,83.6,1407,2.6,44355,81.1,-,-,57134,8923,15.6,1657,2.9,596,1.0,522,0.9,257,0.4,5891,10.3,48211,84.4,948,1.7,47263,82.7,-,-
"대한적십자사","강원",계,154964,86520,55.8,14079,9.1,2549,1.6,65043,42.0,194,0.1,4655,3.0,68444,44.1,2062,1.3,66382,42.8,0,0.0,161359,91438,56.7,14313,8.9,2798,1.7,69425,43.0,160,0.1,4742,2.9,69921,43.3,2720,1.7,67201,41.6,-,-,153606,84589,55.1,14245,9.3,3148,2.0,61185,39.8,108,0.1,5903,3.8,69017,44.9,2812,1.8,66197,43.1,8,0.0,140670,71802,51.0,2812,2.0,487,0.3,58496,41.6,63,-,9944,7.1,68868,49.0,3880,2.8,64981,46.2,7,-,134293,67139,50.0,3602,2.7,953,0.7,53655,40.0,311,0.2,8618,6.4,67154,50.0,3644,2.7,63510,47.3,-,-
"대한적십자사","강원",남,127367,78407,61.6,8730,6.9,1562,1.2,64662,50.8,51,0.0,3402,2.7,48960,38.4,1662,1.3,47298,37.1,0,0.0,134733,83415,61.9,9248,6.9,1657,1.2,69072,51.3,39,-,3399,2.5,51318,38.1,2179,1.6,49139,36.5,-,-,127408,75777,59.5,8952,7.0,1940,1.5,60721,47.7,35,0.0,4129,3.2,51631,40.5,2239,1.8,49390,38.8,2,0.0,117333,66876,57.0,1956,1.7,338,0.3,57680,49.2,37,-,6865,5.9,50457,43.0,3075,2.6,47376,40.4,6,-,110113,61645,56.0,2336,2.1,603,0.5,52760,47.9,164,0.1,5782,5.3,48468,44.0,2946,2.7,45522,41.3,-,-
"대한적십자사","강원",여,27597,8113,29.4,5349,19.4,987,3.6,381,1.4,143,0.5,1253,4.5,19484,70.6,400,1.4,19084,69.2,0,0.0,26626,8023,30.1,5065,19.0,1141,4.3,353,1.3,121,0.5,1343,5.0,18603,69.9,541,2.0,18062,67.8,-,-,26198,8812,33.6,5293,20.2,1208,4.6,464,1.8,73,0.3,1774,6.8,17386,66.4,573,2.2,16807,64.2,6,0.0,23337,4926,21.1,856,3.7,149,0.6,816,3.5,26,0.1,3079,13.2,18411,78.9,805,3.4,17605,75.4,1,-,24180,5494,22.7,1266,5.2,350,1.4,895,3.7,147,0.6,2836,11.7,18686,77.3,698,2.9,17988,74.4,-,-
"대한적십자사","충북",계,95644,40270,42.1,15955,16.7,3315,3.5,13397,14.0,547,0.6,7056,7.4,55374,57.9,756,0.8,54618,57.1,0,0.0,93808,39416,42.0,14001,14.9,4550,4.9,12423,13.2,419,0.4,8023,8.6,54392,58.0,733,0.8,53659,57.2,-,-,94251,43708,46.4,15206,16.1,6025,6.4,12155,12.9,787,0.8,9535,10.1,50543,53.6,812,0.9,49731,52.8,0,0.0,85748,34894,40.7,5280,6.2,1538,1.8,13629,15.9,156,0.2,14291,16.7,50854,59.3,1177,1.4,49677,57.9,-,-,84573,34594,40.9,8152,9.6,2010,2.4,11806,14.0,118,0.1,12508,14.8,49979,59.1,1686,2.0,48238,57.0,55,0.1
"대한적십자사","충북",남,71989,31600,43.9,10102,14.0,2118,2.9,13308,18.5,174,0.2,5898,8.2,40389,56.1,627,0.9,39762,55.2,0,0.0,71508,31149,43.6,9153,12.8,2871,4.0,12353,17.3,99,0.1,6673,9.3,40359,56.4,630,0.9,39729,55.6,-,-,70263,33173,47.2,9631,13.7,3596,5.1,12017,17.1,232,0.3,7697,11.0,37090,52.8,675,1.0,36415,51.8,0,0.0,65938,28523,43.3,3480,5.3,1044,1.6,13423,20.4,90,0.1,10486,15.9,37415,56.7,934,1.4,36481,55.3,-,-,63824,27459,43.0,5605,8.8,1215,1.9,11627,18.2,84,0.1,8928,14.0,36365,57.0,1301,2.0,35024,54.9,40,0.1
"대한적십자사","충북",여,23655,8670,36.7,5853,24.7,1197,5.1,89,0.4,373,1.6,1158,4.9,14985,63.3,129,0.5,14856,62.8,0,0.0,22300,8267,37.1,4848,21.7,1679,7.5,70,0.3,320,1.4,1350,6.1,14033,62.9,103,0.5,13930,62.5,-,-,23988,10535,43.9,5575,23.2,2429,10.1,138,0.6,555,2.3,1838,7.7,13453,56.1,137,0.6,13316,55.5,0,0.0,19810,6371,32.2,1800,9.1,494,2.5,206,1.0,66,0.3,3805,19.2,13439,67.8,243,1.2,13196,66.6,-,-,20749,7135,34.4,2547,12.3,795,3.8,179,0.9,34,0.2,3580,17.3,13614,65.6,385,1.9,13214,63.7,15,0.1
"대한적십자사","대전·세종·충남",계,241112,88179,36.6,36675,15.2,11126,4.6,27515,11.4,330,0.1,12533,5.2,152933,63.4,1972,0.8,150961,62.6,0,0.0,248323,93742,37.8,38233,15.4,13518,5.4,27573,11.1,396,0.2,14022,5.6,154581,62.2,1864,0.8,152717,61.5,-,-,248778,92857,37.3,38129,15.3,14094,5.7,24173,9.7,525,0.2,15936,6.4,155921,62.7,1732,0.7,154189,62.0,0,0.0,238825,72398,30.3,11214,4.7,3607,1.5,26412,11.1,260,0.1,30905,12.9,166427,69.7,1774,0.7,164653,68.9,-,-,233429,70072,30.0,18764,8.0,6555,2.8,20013,8.6,343,0.1,24397,10.5,163357,70.0,1851,0.8,161491,69.2,15,0.0
"대한적십자사","대전·세종·충남",남,173478,69317,40.0,24624,14.2,7167,4.1,27233,15.7,80,0.0,10213,5.9,104161,60.1,1670,1.0,102491,59.1,0,0.0,178680,71624,40.1,24418,13.7,8663,4.8,27183,15.2,80,-,11280,6.3,107056,59.9,1551,0.9,105505,59.0,-,-,176499,68965,39.1,24108,13.7,8633,4.9,23867,13.5,142,0.1,12215,6.9,107534,60.9,1454,0.8,106080,60.1,0,0.0,171640,56317,32.8,7335,4.3,2337,1.4,25805,15.0,152,0.1,20688,12.1,115323,67.2,1513,0.9,113810,66.3,-,-,166881,53300,31.9,12712,7.6,4048,2.4,19600,11.7,189,0.1,16751,10.0,113581,68.1,1475,0.9,112099,67.2,7,0.0
"대한적십자사","대전·세종·충남",여,67634,18862,27.9,12051,17.8,3959,5.9,282,0.4,250,0.4,2320,3.4,48772,72.1,302,0.4,48470,71.7,0,0.0,69643,22118,31.8,13815,19.8,4855,7.0,390,0.6,316,0.5,2742,3.9,47525,68.2,313,0.4,47212,67.8,-,-,72279,23892,33.1,14021,19.4,5461,7.6,306,0.4,383,0.5,3721,5.1,48387,66.9,278,0.4,48109,66.6,0,0.0,67185,16081,23.9,3879,5.8,1270,1.9,607,0.9,108,0.2,10217,15.2,51104,76.1,261,0.4,50843,75.7,-,-,66548,16772,25.2,6052,9.1,2507,3.8,413,0.6,154,0.2,7646,11.5,49776,74.8,376,0.6,49392,74.2,8,0.0
"대한적십자사","전북",계,114218,51646,45.2,20622,18.1,4330,3.8,18839,16.5,363,0.3,7492,6.6,62572,54.7,624,0.5,60796,53.2,1152,1.0,108582,51098,47.1,20957,19.3,3693,3.4,18417,17.0,573,0.5,7458,6.9,57484,52.9,728,0.7,55824,51.4,932,0.9,108903,48261,44.3,21421,19.7,3395,3.1,15161,13.9,370,0.3,7914,7.3,60642,55.7,777,0.7,58955,54.1,910,0.8,102770,37785,36.8,12482,12.1,310,0.3,14700,14.3,85,0.1,10208,9.9,64985,63.2,1003,1.0,62072,60.4,1910,1.9,102915,39971,38.8,15638,15.2,854,0.8,15320,14.9,168,0.2,7991,7.8,62944,61.2,1315,1.3,59401,57.7,2228,2.2
"대한적십자사","전북",남,87191,42818,49.1,14477,16.6,2813,3.2,18721,21.5,129,0.1,6678,7.7,44373,50.9,537,0.6,42903,49.2,933,1.1,82490,41607,50.4,14388,17.4,2258,2.7,18285,22.2,201,0.2,6475,7.8,40883,49.6,632,0.8,39484,47.9,767,0.9,81328,38270,47.1,14513,17.8,2061,2.5,14930,18.4,179,0.2,6587,8.1,43058,52.9,668,0.8,41686,51.3,704,0.9,76352,31146,40.8,8998,11.8,233,0.3,14442,18.9,41,0.1,7432,9.7,45206,59.2,763,1.0,43132,56.5,1311,1.7,76286,31756,41.6,10308,13.5,519,0.7,15036,19.7,110,0.1,5783,7.6,44530,58.4,1032,1.4,41871,54.9,1627,2.1
"대한적십자사","전북",여,27027,8828,32.7,6145,22.7,1517,5.6,118,0.4,234,0.9,814,3.0,18199,67.3,87,0.3,17893,66.2,219,0.8,26092,9491,36.4,6569,25.2,1435,5.5,132,0.5,372,1.4,983,3.8,16601,63.6,96,0.4,16340,62.6,165,0.6,27575,9991,36.2,6908,25.1,1334,4.8,231,0.8,191,0.7,1327,4.8,17584,63.8,109,0.4,17269,62.6,206,0.7,26418,6639,25.1,3484,13.2,77,0.3,258,1.0,44,0.2,2776,10.5,19779,74.9,240,0.9,18940,71.7,599,2.3,26629,8215,30.8,5330,20.0,335,1.3,284,1.1,58,0.2,2208,8.3,18414,69.2,283,1.1,17530,65.8,601,2.3
"대한적십자사","광주·전남",계,220266,68924,31.3,34034,15.5,9138,4.1,10663,4.8,925,0.4,14164,6.4,151342,68.7,160,0.1,151180,68.6,2,0.0,206743,61765,29.9,29612,14.3,8795,4.3,8700,4.2,823,0.4,13835,6.7,144978,70.1,186,0.1,144792,70.0,-,-,206605,63796,30.9,32618,15.8,8603,4.2,6931,3.4,1128,0.5,14516,7.0,142809,69.1,272,0.1,142537,69.0,0,0.0,183153,43405,23.7,10267,5.6,769,0.4,8749,4.8,619,0.3,23001,12.6,139748,76.3,507,0.3,139241,76.0,-,-,185298,48960,26.4,17632,9.5,3637,2.0,7572,4.1,342,0.2,19777,10.7,136338,73.6,1268,0.7,135027,72.9,43,0.0
"대한적십자사","광주·전남",남,147667,48867,33.1,21714,14.7,5082,3.4,10553,7.1,353,0.2,11165,7.6,98800,66.9,138,0.1,98660,66.8,2,0.0,141168,44151,31.3,19262,13.6,4624,3.3,8621,6.1,308,0.2,11336,8.0,97017,68.7,167,0.1,96850,68.6,-,-,141682,44348,31.3,21001,14.8,4473,3.2,6858,4.8,402,0.3,11614,8.2,97334,68.7,231,0.2,97103,68.5,0,0.0,127499,32488,25.5,6487,5.1,528,0.4,8520,6.7,362,0.3,16591,13.0,95011,74.5,395,0.3,94616,74.2,-,-,127598,34760,27.2,10977,8.6,1982,1.6,7327,5.7,160,0.1,14314,11.2,92838,72.8,964,0.8,91852,72.0,22,0.0
"대한적십자사","광주·전남",여,72599,20057,27.6,12320,17.0,4056,5.6,110,0.2,572,0.8,2999,4.1,52542,72.3,22,0.0,52520,72.3,0,0.0,65575,17614,26.9,10350,15.8,4171,6.4,79,0.1,515,0.8,2499,3.8,47961,73.1,19,-,47942,73.1,-,-,64923,19448,30.0,11617,17.9,4130,6.4,73,0.1,726,1.1,2902,4.5,45475,70.0,41,0.1,45434,70.0,0,0.0,55654,10917,19.6,3780,6.8,241,0.4,229,0.4,257,0.5,6410,11.5,44737,80.4,112,0.2,44625,80.2,-,-,57700,14200,24.6,6655,11.5,1655,2.9,245,0.4,182,0.3,5463,9.5,43500,75.4,304,0.5,43175,74.8,21,0.0
"대한적십자사","경남",계,130495,56772,43.5,25080,19.2,4777,3.7,16192,12.4,509,0.4,10214,7.8,73723,56.5,922,0.7,69721,53.4,3080,2.4,134719,59008,43.8,26416,19.6,4872,3.6,15615,11.6,607,0.5,11498,8.5,75711,56.2,1005,0.7,72182,53.6,2524,1.9,132957,59557,44.8,26940,20.3,5332,4.0,16969,12.8,75,0.1,10241,7.7,73400,55.2,1088,0.8,70878,53.3,1434,1.1,131089,48577,37.1,9675,7.4,1627,1.2,19897,15.2,35,-,17343,13.2,82512,62.9,1310,1.0,81202,61.9,-,-,124647,43490,34.9,10604,8.5,3600,2.9,15406,12.4,42,0.0,13838,11.1,81157,65.1,1355,1.1,79802,64.0,-,-
"대한적십자사","경남",남,101365,46674,46.0,18244,18.0,3349,3.3,16057,15.8,114,0.1,8910,8.8,54691,53.9,726,0.7,51628,50.9,2337,2.3,102900,47106,45.8,18350,17.8,3370,3.3,15409,15.0,164,0.2,9813,9.5,55794,54.2,785,0.8,53065,51.6,1944,1.9,101395,46950,46.3,18809,18.6,3512,3.5,16531,16.3,46,0.0,8052,7.9,54445,53.7,850,0.8,52525,51.8,1070,1.1,100405,40724,40.6,7088,7.1,1288,1.3,19380,19.3,20,-,12948,12.9,59681,59.4,1001,1.0,58680,58.4,-,-,95004,35333,37.2,7524,7.9,2499,2.6,15070,15.9,13,0.0,10227,10.8,59671,62.8,1050,1.1,58621,61.7,-,-
"대한적십자사","경남",여,29130,10098,34.7,6836,23.5,1428,4.9,135,0.5,395,1.4,1304,4.5,19032,65.4,196,0.7,18093,62.1,743,2.6,31819,11902,37.4,8066,25.3,1502,4.7,206,0.6,443,1.4,1685,5.3,19917,62.6,220,0.7,19117,60.1,580,1.8,31562,12607,39.9,8131,25.8,1820,5.8,438,1.4,29,0.1,2189,6.9,18955,60.1,238,0.8,18353,58.1,364,1.2,30684,7853,25.6,2587,8.4,339,1.1,517,1.7,15,-,4395,14.3,22831,74.4,309,1.0,22522,73.4,-,-,29643,8157,27.5,3080,10.4,1101,3.7,336,1.1,29,0.1,3611,12.2,21486,72.5,305,1.0,21181,71.5,-,-
"대한적십자사","제주",계,37804,15585,41.2,6904,18.3,1526,4.0,2148,5.7,181,0.5,4826,12.8,22219,58.8,1687,4.5,20532,54.3,0,0.0,34264,14793,43.2,7625,22.3,1351,3.9,1773,5.2,169,0.5,3875,11.3,19471,56.8,1518,4.4,17953,52.4,-,-,35973,14459,40.2,7421,20.6,1371,3.8,2048,5.7,233,0.6,3386,9.4,21514,59.8,1805,5.0,19709,54.8,0,0.0,41673,12818,30.8,4522,10.9,456,1.1,2063,5.0,79,0.2,5698,13.7,28855,69.2,3134,7.5,25721,61.7,-,-,42035,12761,30.4,5523,13.1,746,1.8,2323,5.5,58,0.1,4111,9.8,29274,69.6,4176,9.9,25098,59.7,-,-
"대한적십자사","제주",남,25714,11166,43.4,4152,16.1,836,3.3,2137,8.3,102,0.4,3939,15.3,14548,56.6,1354,5.3,13194,51.3,0,0.0,24219,10708,44.2,5043,20.8,767,3.2,1754,7.2,93,0.4,3051,12.6,13511,55.8,1219,5.0,12292,50.8,-,-,24651,9827,39.9,4580,18.6,736,3.0,2030,8.2,107,0.4,2374,9.6,14824,60.1,1433,5.8,13391,54.3,0,0.0,29017,9641,33.2,3316,11.4,263,0.9,2009,6.9,53,0.2,4000,13.8,19376,66.8,2364,8.1,17012,58.6,-,-,29466,9667,32.8,4176,14.2,433,1.5,2278,7.7,36,0.1,2744,9.3,19799,67.2,3097,10.5,16702,56.7,-,-
"대한적십자사","제주",여,12090,4419,36.6,2752,22.8,690,5.7,11,0.1,79,0.7,887,7.3,7671,63.5,333,2.8,7338,60.7,0,0.0,10045,4085,40.7,2582,25.7,584,5.8,19,0.2,76,0.8,824,8.2,5960,59.3,299,3.0,5661,56.4,-,-,11322,4632,40.9,2841,25.1,635,5.6,18,0.2,126,1.1,1012,8.9,6690,59.1,372,3.3,6318,55.8,0,0.0,12656,3177,25.1,1206,9.5,193,1.5,54,0.4,26,0.2,1698,13.4,9479,74.9,770,6.1,8709,68.8,-,-,12569,3094,24.6,1347,10.7,313,2.5,45,0.4,22,0.2,1367,10.9,9475,75.4,1079,8.6,8396,66.8,-,-
"대한적십자사 외","소계",계,213851,36312,17.0,9505,4.4,8213,3.8,3852,1.8,2984,1.4,11758,5.5,177539,83.0,3791,1.8,169854,79.4,3894,1.8,201659,29304,14.5,8435,4.2,6392,3.2,794,0.4,2414,1.2,11269,5.6,172355,85.5,3211,1.6,166354,82.5,2790,1.4,177191,25024,14.1,5316,3.0,6489,3.7,0,0.0,2117,1.2,11102,6.3,152167,85.9,2419,1.4,146618,82.7,3130,1.8,176191,14743,8.4,625,0.4,650,0.4,-,-,1962,1.1,11506,6.5,161448,91.6,1918,1.1,150684,85.5,8846,5.0,177658,20311,11.4,1769,1.0,2099,1.2,-,-,6037,3.4,10406,5.9,157347,88.6,1803,1.0,148553,83.6,6991,3.9
"대한적십자사 외","소계",남,143380,27372,19.1,6722,4.7,5680,4.0,3820,2.7,1925,1.3,9225,6.4,116008,80.9,2350,1.6,111258,77.6,2400,1.7,134139,21082,15.7,5714,4.3,4254,3.2,789,0.6,1472,1.1,8853,6.6,113057,84.3,1859,1.4,109459,81.6,1739,1.3,127334,19001,14.9,3765,3.0,4788,3.8,0,0.0,1509,1.2,8939,7.0,108333,85.1,1580,1.2,104577,82.1,2176,1.7,123326,11653,9.4,445,0.4,472,0.4,-,-,1271,1.0,9465,7.7,111673,90.6,1373,1.1,104928,85.1,5372,4.4,123175,14883,12.1,1303,1.1,1298,1.1,-,-,3626,2.9,8656,7.0,108292,87.9,1385,1.1,102810,83.5,4097,3.3
"대한적십자사 외","소계",여,70471,8940,12.7,2783,3.9,2533,3.6,32,0.0,1059,1.5,2533,3.6,61531,87.2,1441,2.0,58596,83.1,1494,2.1,67520,8222,12.2,2721,4.0,2138,3.2,5,-,942,1.4,2416,3.6,59298,87.8,1352,2.0,56895,84.3,1051,1.6,49857,6023,12.1,1551,3.1,1701,3.4,0,0.0,608,1.2,2163,4.3,43834,87.9,839,1.7,42041,84.3,954,1.9,52865,3090,5.8,180,0.3,178,0.3,-,-,691,1.3,2041,3.9,49775,94.2,545,1.0,45756,86.6,3474,6.6,54483,5428,10.0,466,0.9,801,1.5,-,-,2411,4.4,1750,3.2,49055,90.0,418,0.8,45743,84.0,2894,5.3
